virusIsolate	virusStrain	virusYear	serumIsolate	serumStrain	serumYear	titer
B/Bonn/1943|1943	B/Bonn/1943|1943	1943	B/Lee/1940|1940	B/Lee/1940|1940	1940	290
B/Bonn/1943|1943	B/Bonn/1943|1943	1943	B/Allen/1945|1945	B/Allen/1945|1945	1945	3067
B/Bonn/1943|1943	B/Bonn/1943|1943	1943	B/GL/1739/1954|1954	B/GL/1739/1954|1954	1954	4172
B/Bonn/1943|1943	B/Bonn/1943|1943	1943	B/Mass/3/1966|1966	B/Mass/3/1966|1966	1966	1379
B/Bonn/1943|1943	B/Bonn/1943|1943	1943	B/Hong_Kong/5/1972|1972	B/Hong_Kong/5/1972|1972	1972	3363
B/Bonn/1943|1943	B/Bonn/1943|1943	1943	B/Victoria/2/1987|1987	B/Victoria/2/1987|1987	1987	6084
B/Bonn/1943|1943	B/Bonn/1943|1943	1943	B/Malaysia/2506/2004|2004	B/Malaysia/2506/2004|2004	2004	166
B/Bonn/1943|1943	B/Bonn/1943|1943	1943	B/Brisbane/60/2008|2008-04-08	B/Brisbane/60/2008|2008-04-08	2008.26775956284	81
B/Bonn/1943|1943	B/Bonn/1943|1943	1943	B/Austria/1359417/2021|2021-01-09	B/Austria/1359417/2021|2021-01-09	2021.02191780822	<100
B/Bonn/1943|1943	B/Bonn/1943|1943	1943	B/Colorado/6/2017|2017-02-25	B/Colorado/6/2017|2017-02-25	2017.15068493151	<100
B/Bonn/1943|1943	B/Bonn/1943|1943	1943	B/Yamagata/16/1988|1988	B/Yamagata/16/1988|1988	1988	<100
B/Bonn/1943|1943	B/Bonn/1943|1943	1943	B/Sichuan/379/1999|1999	B/Sichuan/379/1999|1999	1999	494
B/Bonn/1943|1943	B/Bonn/1943|1943	1943	B/Florida/4/2006|2006	B/Florida/4/2006|2006	2006	<100
B/Bonn/1943|1943	B/Bonn/1943|1943	1943	B/Phuket/3073/2013|2013-11-21	B/Phuket/3073/2013|2013-11-21	2013.88767123288	<100
B/Crawley/1946|1946	B/Crawley/1946|1946	1946	B/Lee/1940|1940	B/Lee/1940|1940	1940	<100
B/Crawley/1946|1946	B/Crawley/1946|1946	1946	B/Allen/1945|1945	B/Allen/1945|1945	1945	903
B/Crawley/1946|1946	B/Crawley/1946|1946	1946	B/GL/1739/1954|1954	B/GL/1739/1954|1954	1954	967
B/Crawley/1946|1946	B/Crawley/1946|1946	1946	B/Mass/3/1966|1966	B/Mass/3/1966|1966	1966	268
B/Crawley/1946|1946	B/Crawley/1946|1946	1946	B/Hong_Kong/5/1972|1972	B/Hong_Kong/5/1972|1972	1972	932
B/Crawley/1946|1946	B/Crawley/1946|1946	1946	B/Victoria/2/1987|1987	B/Victoria/2/1987|1987	1987	1475
B/Crawley/1946|1946	B/Crawley/1946|1946	1946	B/Malaysia/2506/2004|2004	B/Malaysia/2506/2004|2004	2004	<100
B/Crawley/1946|1946	B/Crawley/1946|1946	1946	B/Brisbane/60/2008|2008-04-08	B/Brisbane/60/2008|2008-04-08	2008.26775956284	<100
B/Crawley/1946|1946	B/Crawley/1946|1946	1946	B/Austria/1359417/2021|2021-01-09	B/Austria/1359417/2021|2021-01-09	2021.02191780822	<100
B/Crawley/1946|1946	B/Crawley/1946|1946	1946	B/Colorado/6/2017|2017-02-25	B/Colorado/6/2017|2017-02-25	2017.15068493151	<100
B/Crawley/1946|1946	B/Crawley/1946|1946	1946	B/Yamagata/16/1988|1988	B/Yamagata/16/1988|1988	1988	<100
B/Crawley/1946|1946	B/Crawley/1946|1946	1946	B/Sichuan/379/1999|1999	B/Sichuan/379/1999|1999	1999	143
B/Crawley/1946|1946	B/Crawley/1946|1946	1946	B/Florida/4/2006|2006	B/Florida/4/2006|2006	2006	<100
B/Crawley/1946|1946	B/Crawley/1946|1946	1946	B/Phuket/3073/2013|2013-11-21	B/Phuket/3073/2013|2013-11-21	2013.88767123288	<100
B/Jonannesburg/33/1958|1958	B/Jonannesburg/33/1958|1958	1958	B/Lee/1940|1940	B/Lee/1940|1940	1940	<100
B/Jonannesburg/33/1958|1958	B/Jonannesburg/33/1958|1958	1958	B/Allen/1945|1945	B/Allen/1945|1945	1945	<100
B/Jonannesburg/33/1958|1958	B/Jonannesburg/33/1958|1958	1958	B/GL/1739/1954|1954	B/GL/1739/1954|1954	1954	569
B/Jonannesburg/33/1958|1958	B/Jonannesburg/33/1958|1958	1958	B/Mass/3/1966|1966	B/Mass/3/1966|1966	1966	1485
B/Jonannesburg/33/1958|1958	B/Jonannesburg/33/1958|1958	1958	B/Hong_Kong/5/1972|1972	B/Hong_Kong/5/1972|1972	1972	676
B/Jonannesburg/33/1958|1958	B/Jonannesburg/33/1958|1958	1958	B/Victoria/2/1987|1987	B/Victoria/2/1987|1987	1987	2103
B/Jonannesburg/33/1958|1958	B/Jonannesburg/33/1958|1958	1958	B/Malaysia/2506/2004|2004	B/Malaysia/2506/2004|2004	2004	<100
B/Jonannesburg/33/1958|1958	B/Jonannesburg/33/1958|1958	1958	B/Brisbane/60/2008|2008-04-08	B/Brisbane/60/2008|2008-04-08	2008.26775956284	<100
B/Jonannesburg/33/1958|1958	B/Jonannesburg/33/1958|1958	1958	B/Austria/1359417/2021|2021-01-09	B/Austria/1359417/2021|2021-01-09	2021.02191780822	43
B/Jonannesburg/33/1958|1958	B/Jonannesburg/33/1958|1958	1958	B/Colorado/6/2017|2017-02-25	B/Colorado/6/2017|2017-02-25	2017.15068493151	<100
B/Jonannesburg/33/1958|1958	B/Jonannesburg/33/1958|1958	1958	B/Yamagata/16/1988|1988	B/Yamagata/16/1988|1988	1988	<100
B/Jonannesburg/33/1958|1958	B/Jonannesburg/33/1958|1958	1958	B/Sichuan/379/1999|1999	B/Sichuan/379/1999|1999	1999	<100
B/Jonannesburg/33/1958|1958	B/Jonannesburg/33/1958|1958	1958	B/Florida/4/2006|2006	B/Florida/4/2006|2006	2006	<100
B/Jonannesburg/33/1958|1958	B/Jonannesburg/33/1958|1958	1958	B/Phuket/3073/2013|2013-11-21	B/Phuket/3073/2013|2013-11-21	2013.88767123288	<100
B/Singapore/3/1964|1964	B/Singapore/3/1964|1964	1964	B/Lee/1940|1940	B/Lee/1940|1940	1940	172
B/Singapore/3/1964|1964	B/Singapore/3/1964|1964	1964	B/Allen/1945|1945	B/Allen/1945|1945	1945	76
B/Singapore/3/1964|1964	B/Singapore/3/1964|1964	1964	B/GL/1739/1954|1954	B/GL/1739/1954|1954	1954	1275
B/Singapore/3/1964|1964	B/Singapore/3/1964|1964	1964	B/Mass/3/1966|1966	B/Mass/3/1966|1966	1966	3398
B/Singapore/3/1964|1964	B/Singapore/3/1964|1964	1964	B/Hong_Kong/5/1972|1972	B/Hong_Kong/5/1972|1972	1972	2432
B/Singapore/3/1964|1964	B/Singapore/3/1964|1964	1964	B/Victoria/2/1987|1987	B/Victoria/2/1987|1987	1987	6174
B/Singapore/3/1964|1964	B/Singapore/3/1964|1964	1964	B/Malaysia/2506/2004|2004	B/Malaysia/2506/2004|2004	2004	167
B/Singapore/3/1964|1964	B/Singapore/3/1964|1964	1964	B/Brisbane/60/2008|2008-04-08	B/Brisbane/60/2008|2008-04-08	2008.26775956284	<100
B/Singapore/3/1964|1964	B/Singapore/3/1964|1964	1964	B/Austria/1359417/2021|2021-01-09	B/Austria/1359417/2021|2021-01-09	2021.02191780822	<100
B/Singapore/3/1964|1964	B/Singapore/3/1964|1964	1964	B/Colorado/6/2017|2017-02-25	B/Colorado/6/2017|2017-02-25	2017.15068493151	<100
B/Singapore/3/1964|1964	B/Singapore/3/1964|1964	1964	B/Yamagata/16/1988|1988	B/Yamagata/16/1988|1988	1988	<100
B/Singapore/3/1964|1964	B/Singapore/3/1964|1964	1964	B/Sichuan/379/1999|1999	B/Sichuan/379/1999|1999	1999	188
B/Singapore/3/1964|1964	B/Singapore/3/1964|1964	1964	B/Florida/4/2006|2006	B/Florida/4/2006|2006	2006	<100
B/Singapore/3/1964|1964	B/Singapore/3/1964|1964	1964	B/Phuket/3073/2013|2013-11-21	B/Phuket/3073/2013|2013-11-21	2013.88767123288	<100
B/Victoria/98926/1970|1970	B/Victoria/98926/1970|1970	1970	B/Lee/1940|1940	B/Lee/1940|1940	1940	<100
B/Victoria/98926/1970|1970	B/Victoria/98926/1970|1970	1970	B/Allen/1945|1945	B/Allen/1945|1945	1945	<100
B/Victoria/98926/1970|1970	B/Victoria/98926/1970|1970	1970	B/GL/1739/1954|1954	B/GL/1739/1954|1954	1954	517
B/Victoria/98926/1970|1970	B/Victoria/98926/1970|1970	1970	B/Mass/3/1966|1966	B/Mass/3/1966|1966	1966	987
B/Victoria/98926/1970|1970	B/Victoria/98926/1970|1970	1970	B/Hong_Kong/5/1972|1972	B/Hong_Kong/5/1972|1972	1972	808
B/Victoria/98926/1970|1970	B/Victoria/98926/1970|1970	1970	B/Victoria/2/1987|1987	B/Victoria/2/1987|1987	1987	1022
B/Victoria/98926/1970|1970	B/Victoria/98926/1970|1970	1970	B/Malaysia/2506/2004|2004	B/Malaysia/2506/2004|2004	2004	<100
B/Victoria/98926/1970|1970	B/Victoria/98926/1970|1970	1970	B/Brisbane/60/2008|2008-04-08	B/Brisbane/60/2008|2008-04-08	2008.26775956284	<100
B/Victoria/98926/1970|1970	B/Victoria/98926/1970|1970	1970	B/Austria/1359417/2021|2021-01-09	B/Austria/1359417/2021|2021-01-09	2021.02191780822	<100
B/Victoria/98926/1970|1970	B/Victoria/98926/1970|1970	1970	B/Colorado/6/2017|2017-02-25	B/Colorado/6/2017|2017-02-25	2017.15068493151	<100
B/Victoria/98926/1970|1970	B/Victoria/98926/1970|1970	1970	B/Yamagata/16/1988|1988	B/Yamagata/16/1988|1988	1988	<100
B/Victoria/98926/1970|1970	B/Victoria/98926/1970|1970	1970	B/Sichuan/379/1999|1999	B/Sichuan/379/1999|1999	1999	<100
B/Victoria/98926/1970|1970	B/Victoria/98926/1970|1970	1970	B/Florida/4/2006|2006	B/Florida/4/2006|2006	2006	<100
B/Victoria/98926/1970|1970	B/Victoria/98926/1970|1970	1970	B/Phuket/3073/2013|2013-11-21	B/Phuket/3073/2013|2013-11-21	2013.88767123288	<100
B/Netherlands/1002/1974|1974	B/Netherlands/1002/1974|1974	1974	B/Lee/1940|1940	B/Lee/1940|1940	1940	132
B/Netherlands/1002/1974|1974	B/Netherlands/1002/1974|1974	1974	B/Allen/1945|1945	B/Allen/1945|1945	1945	<100
B/Netherlands/1002/1974|1974	B/Netherlands/1002/1974|1974	1974	B/GL/1739/1954|1954	B/GL/1739/1954|1954	1954	975
B/Netherlands/1002/1974|1974	B/Netherlands/1002/1974|1974	1974	B/Mass/3/1966|1966	B/Mass/3/1966|1966	1966	3898
B/Netherlands/1002/1974|1974	B/Netherlands/1002/1974|1974	1974	B/Hong_Kong/5/1972|1972	B/Hong_Kong/5/1972|1972	1972	2263
B/Netherlands/1002/1974|1974	B/Netherlands/1002/1974|1974	1974	B/Victoria/2/1987|1987	B/Victoria/2/1987|1987	1987	6757
B/Netherlands/1002/1974|1974	B/Netherlands/1002/1974|1974	1974	B/Malaysia/2506/2004|2004	B/Malaysia/2506/2004|2004	2004	49
B/Netherlands/1002/1974|1974	B/Netherlands/1002/1974|1974	1974	B/Brisbane/60/2008|2008-04-08	B/Brisbane/60/2008|2008-04-08	2008.26775956284	<100
B/Netherlands/1002/1974|1974	B/Netherlands/1002/1974|1974	1974	B/Austria/1359417/2021|2021-01-09	B/Austria/1359417/2021|2021-01-09	2021.02191780822	<100
B/Netherlands/1002/1974|1974	B/Netherlands/1002/1974|1974	1974	B/Colorado/6/2017|2017-02-25	B/Colorado/6/2017|2017-02-25	2017.15068493151	43
B/Netherlands/1002/1974|1974	B/Netherlands/1002/1974|1974	1974	B/Yamagata/16/1988|1988	B/Yamagata/16/1988|1988	1988	<100
B/Netherlands/1002/1974|1974	B/Netherlands/1002/1974|1974	1974	B/Sichuan/379/1999|1999	B/Sichuan/379/1999|1999	1999	<100
B/Netherlands/1002/1974|1974	B/Netherlands/1002/1974|1974	1974	B/Florida/4/2006|2006	B/Florida/4/2006|2006	2006	<100
B/Netherlands/1002/1974|1974	B/Netherlands/1002/1974|1974	1974	B/Phuket/3073/2013|2013-11-21	B/Phuket/3073/2013|2013-11-21	2013.88767123288	<100
B/Netherlands/1000/1976|1976	B/Netherlands/1000/1976|1976	1976	B/Lee/1940|1940	B/Lee/1940|1940	1940	96
B/Netherlands/1000/1976|1976	B/Netherlands/1000/1976|1976	1976	B/Allen/1945|1945	B/Allen/1945|1945	1945	39
B/Netherlands/1000/1976|1976	B/Netherlands/1000/1976|1976	1976	B/GL/1739/1954|1954	B/GL/1739/1954|1954	1954	753
B/Netherlands/1000/1976|1976	B/Netherlands/1000/1976|1976	1976	B/Mass/3/1966|1966	B/Mass/3/1966|1966	1966	3452
B/Netherlands/1000/1976|1976	B/Netherlands/1000/1976|1976	1976	B/Hong_Kong/5/1972|1972	B/Hong_Kong/5/1972|1972	1972	2039
B/Netherlands/1000/1976|1976	B/Netherlands/1000/1976|1976	1976	B/Victoria/2/1987|1987	B/Victoria/2/1987|1987	1987	6971
B/Netherlands/1000/1976|1976	B/Netherlands/1000/1976|1976	1976	B/Malaysia/2506/2004|2004	B/Malaysia/2506/2004|2004	2004	57
B/Netherlands/1000/1976|1976	B/Netherlands/1000/1976|1976	1976	B/Brisbane/60/2008|2008-04-08	B/Brisbane/60/2008|2008-04-08	2008.26775956284	<100
B/Netherlands/1000/1976|1976	B/Netherlands/1000/1976|1976	1976	B/Austria/1359417/2021|2021-01-09	B/Austria/1359417/2021|2021-01-09	2021.02191780822	<100
B/Netherlands/1000/1976|1976	B/Netherlands/1000/1976|1976	1976	B/Colorado/6/2017|2017-02-25	B/Colorado/6/2017|2017-02-25	2017.15068493151	40
B/Netherlands/1000/1976|1976	B/Netherlands/1000/1976|1976	1976	B/Yamagata/16/1988|1988	B/Yamagata/16/1988|1988	1988	<100
B/Netherlands/1000/1976|1976	B/Netherlands/1000/1976|1976	1976	B/Sichuan/379/1999|1999	B/Sichuan/379/1999|1999	1999	<100
B/Netherlands/1000/1976|1976	B/Netherlands/1000/1976|1976	1976	B/Florida/4/2006|2006	B/Florida/4/2006|2006	2006	<100
B/Netherlands/1000/1976|1976	B/Netherlands/1000/1976|1976	1976	B/Phuket/3073/2013|2013-11-21	B/Phuket/3073/2013|2013-11-21	2013.88767123288	<100
B/Singapore/222/1979|1979	B/Singapore/222/1979|1979	1979	B/Lee/1940|1940	B/Lee/1940|1940	1940	180
B/Singapore/222/1979|1979	B/Singapore/222/1979|1979	1979	B/Allen/1945|1945	B/Allen/1945|1945	1945	<100
B/Singapore/222/1979|1979	B/Singapore/222/1979|1979	1979	B/GL/1739/1954|1954	B/GL/1739/1954|1954	1954	1038
B/Singapore/222/1979|1979	B/Singapore/222/1979|1979	1979	B/Mass/3/1966|1966	B/Mass/3/1966|1966	1966	4630
B/Singapore/222/1979|1979	B/Singapore/222/1979|1979	1979	B/Hong_Kong/5/1972|1972	B/Hong_Kong/5/1972|1972	1972	3376
B/Singapore/222/1979|1979	B/Singapore/222/1979|1979	1979	B/Victoria/2/1987|1987	B/Victoria/2/1987|1987	1987	7201
B/Singapore/222/1979|1979	B/Singapore/222/1979|1979	1979	B/Malaysia/2506/2004|2004	B/Malaysia/2506/2004|2004	2004	159
B/Singapore/222/1979|1979	B/Singapore/222/1979|1979	1979	B/Brisbane/60/2008|2008-04-08	B/Brisbane/60/2008|2008-04-08	2008.26775956284	73
B/Singapore/222/1979|1979	B/Singapore/222/1979|1979	1979	B/Austria/1359417/2021|2021-01-09	B/Austria/1359417/2021|2021-01-09	2021.02191780822	<100
B/Singapore/222/1979|1979	B/Singapore/222/1979|1979	1979	B/Colorado/6/2017|2017-02-25	B/Colorado/6/2017|2017-02-25	2017.15068493151	56
B/Singapore/222/1979|1979	B/Singapore/222/1979|1979	1979	B/Yamagata/16/1988|1988	B/Yamagata/16/1988|1988	1988	<100
B/Singapore/222/1979|1979	B/Singapore/222/1979|1979	1979	B/Sichuan/379/1999|1999	B/Sichuan/379/1999|1999	1999	40
B/Singapore/222/1979|1979	B/Singapore/222/1979|1979	1979	B/Florida/4/2006|2006	B/Florida/4/2006|2006	2006	<100
B/Singapore/222/1979|1979	B/Singapore/222/1979|1979	1979	B/Phuket/3073/2013|2013-11-21	B/Phuket/3073/2013|2013-11-21	2013.88767123288	<100
B/Netherlands/1001/1980|1980	B/Netherlands/1001/1980|1980	1980	B/Lee/1940|1940	B/Lee/1940|1940	1940	94
B/Netherlands/1001/1980|1980	B/Netherlands/1001/1980|1980	1980	B/Allen/1945|1945	B/Allen/1945|1945	1945	<100
B/Netherlands/1001/1980|1980	B/Netherlands/1001/1980|1980	1980	B/GL/1739/1954|1954	B/GL/1739/1954|1954	1954	2077
B/Netherlands/1001/1980|1980	B/Netherlands/1001/1980|1980	1980	B/Mass/3/1966|1966	B/Mass/3/1966|1966	1966	5103
B/Netherlands/1001/1980|1980	B/Netherlands/1001/1980|1980	1980	B/Hong_Kong/5/1972|1972	B/Hong_Kong/5/1972|1972	1972	3013
B/Netherlands/1001/1980|1980	B/Netherlands/1001/1980|1980	1980	B/Victoria/2/1987|1987	B/Victoria/2/1987|1987	1987	15034
B/Netherlands/1001/1980|1980	B/Netherlands/1001/1980|1980	1980	B/Malaysia/2506/2004|2004	B/Malaysia/2506/2004|2004	2004	132
B/Netherlands/1001/1980|1980	B/Netherlands/1001/1980|1980	1980	B/Brisbane/60/2008|2008-04-08	B/Brisbane/60/2008|2008-04-08	2008.26775956284	<100
B/Netherlands/1001/1980|1980	B/Netherlands/1001/1980|1980	1980	B/Austria/1359417/2021|2021-01-09	B/Austria/1359417/2021|2021-01-09	2021.02191780822	<100
B/Netherlands/1001/1980|1980	B/Netherlands/1001/1980|1980	1980	B/Colorado/6/2017|2017-02-25	B/Colorado/6/2017|2017-02-25	2017.15068493151	97
B/Netherlands/1001/1980|1980	B/Netherlands/1001/1980|1980	1980	B/Yamagata/16/1988|1988	B/Yamagata/16/1988|1988	1988	127
B/Netherlands/1001/1980|1980	B/Netherlands/1001/1980|1980	1980	B/Sichuan/379/1999|1999	B/Sichuan/379/1999|1999	1999	106
B/Netherlands/1001/1980|1980	B/Netherlands/1001/1980|1980	1980	B/Florida/4/2006|2006	B/Florida/4/2006|2006	2006	<100
B/Netherlands/1001/1980|1980	B/Netherlands/1001/1980|1980	1980	B/Phuket/3073/2013|2013-11-21	B/Phuket/3073/2013|2013-11-21	2013.88767123288	<100
B/Netherlands/223/1981|1981	B/Netherlands/223/1981|1981	1981	B/Lee/1940|1940	B/Lee/1940|1940	1940	156
B/Netherlands/223/1981|1981	B/Netherlands/223/1981|1981	1981	B/Allen/1945|1945	B/Allen/1945|1945	1945	64
B/Netherlands/223/1981|1981	B/Netherlands/223/1981|1981	1981	B/GL/1739/1954|1954	B/GL/1739/1954|1954	1954	3479
B/Netherlands/223/1981|1981	B/Netherlands/223/1981|1981	1981	B/Mass/3/1966|1966	B/Mass/3/1966|1966	1966	6267
B/Netherlands/223/1981|1981	B/Netherlands/223/1981|1981	1981	B/Hong_Kong/5/1972|1972	B/Hong_Kong/5/1972|1972	1972	5059
B/Netherlands/223/1981|1981	B/Netherlands/223/1981|1981	1981	B/Victoria/2/1987|1987	B/Victoria/2/1987|1987	1987	15028
B/Netherlands/223/1981|1981	B/Netherlands/223/1981|1981	1981	B/Malaysia/2506/2004|2004	B/Malaysia/2506/2004|2004	2004	482
B/Netherlands/223/1981|1981	B/Netherlands/223/1981|1981	1981	B/Brisbane/60/2008|2008-04-08	B/Brisbane/60/2008|2008-04-08	2008.26775956284	142
B/Netherlands/223/1981|1981	B/Netherlands/223/1981|1981	1981	B/Austria/1359417/2021|2021-01-09	B/Austria/1359417/2021|2021-01-09	2021.02191780822	<100
B/Netherlands/223/1981|1981	B/Netherlands/223/1981|1981	1981	B/Colorado/6/2017|2017-02-25	B/Colorado/6/2017|2017-02-25	2017.15068493151	134
B/Netherlands/223/1981|1981	B/Netherlands/223/1981|1981	1981	B/Yamagata/16/1988|1988	B/Yamagata/16/1988|1988	1988	191
B/Netherlands/223/1981|1981	B/Netherlands/223/1981|1981	1981	B/Sichuan/379/1999|1999	B/Sichuan/379/1999|1999	1999	261
B/Netherlands/223/1981|1981	B/Netherlands/223/1981|1981	1981	B/Florida/4/2006|2006	B/Florida/4/2006|2006	2006	61
B/Netherlands/223/1981|1981	B/Netherlands/223/1981|1981	1981	B/Phuket/3073/2013|2013-11-21	B/Phuket/3073/2013|2013-11-21	2013.88767123288	<100
B/WELLINGTON/2/1982|1982	B/WELLINGTON/2/1982|1982	1982	B/Lee/1940|1940	B/Lee/1940|1940	1940	1096
B/WELLINGTON/2/1982|1982	B/WELLINGTON/2/1982|1982	1982	B/Allen/1945|1945	B/Allen/1945|1945	1945	1160
B/WELLINGTON/2/1982|1982	B/WELLINGTON/2/1982|1982	1982	B/GL/1739/1954|1954	B/GL/1739/1954|1954	1954	2667
B/WELLINGTON/2/1982|1982	B/WELLINGTON/2/1982|1982	1982	B/Mass/3/1966|1966	B/Mass/3/1966|1966	1966	5480
B/WELLINGTON/2/1982|1982	B/WELLINGTON/2/1982|1982	1982	B/Hong_Kong/5/1972|1972	B/Hong_Kong/5/1972|1972	1972	4648
B/WELLINGTON/2/1982|1982	B/WELLINGTON/2/1982|1982	1982	B/Victoria/2/1987|1987	B/Victoria/2/1987|1987	1987	11720
B/WELLINGTON/2/1982|1982	B/WELLINGTON/2/1982|1982	1982	B/Malaysia/2506/2004|2004	B/Malaysia/2506/2004|2004	2004	186
B/WELLINGTON/2/1982|1982	B/WELLINGTON/2/1982|1982	1982	B/Brisbane/60/2008|2008-04-08	B/Brisbane/60/2008|2008-04-08	2008.26775956284	100
B/WELLINGTON/2/1982|1982	B/WELLINGTON/2/1982|1982	1982	B/Austria/1359417/2021|2021-01-09	B/Austria/1359417/2021|2021-01-09	2021.02191780822	841
B/WELLINGTON/2/1982|1982	B/WELLINGTON/2/1982|1982	1982	B/Colorado/6/2017|2017-02-25	B/Colorado/6/2017|2017-02-25	2017.15068493151	529
B/WELLINGTON/2/1982|1982	B/WELLINGTON/2/1982|1982	1982	B/Yamagata/16/1988|1988	B/Yamagata/16/1988|1988	1988	922
B/WELLINGTON/2/1982|1982	B/WELLINGTON/2/1982|1982	1982	B/Sichuan/379/1999|1999	B/Sichuan/379/1999|1999	1999	970
B/WELLINGTON/2/1982|1982	B/WELLINGTON/2/1982|1982	1982	B/Florida/4/2006|2006	B/Florida/4/2006|2006	2006	61
B/WELLINGTON/2/1982|1982	B/WELLINGTON/2/1982|1982	1982	B/Phuket/3073/2013|2013-11-21	B/Phuket/3073/2013|2013-11-21	2013.88767123288	<100
B/Netherlands/1000/1983|1983	B/Netherlands/1000/1983|1983	1983	B/Lee/1940|1940	B/Lee/1940|1940	1940	1306
B/Netherlands/1000/1983|1983	B/Netherlands/1000/1983|1983	1983	B/Allen/1945|1945	B/Allen/1945|1945	1945	991
B/Netherlands/1000/1983|1983	B/Netherlands/1000/1983|1983	1983	B/GL/1739/1954|1954	B/GL/1739/1954|1954	1954	6496
B/Netherlands/1000/1983|1983	B/Netherlands/1000/1983|1983	1983	B/Mass/3/1966|1966	B/Mass/3/1966|1966	1966	7903
B/Netherlands/1000/1983|1983	B/Netherlands/1000/1983|1983	1983	B/Hong_Kong/5/1972|1972	B/Hong_Kong/5/1972|1972	1972	4647
B/Netherlands/1000/1983|1983	B/Netherlands/1000/1983|1983	1983	B/Victoria/2/1987|1987	B/Victoria/2/1987|1987	1987	16136
B/Netherlands/1000/1983|1983	B/Netherlands/1000/1983|1983	1983	B/Malaysia/2506/2004|2004	B/Malaysia/2506/2004|2004	2004	483
B/Netherlands/1000/1983|1983	B/Netherlands/1000/1983|1983	1983	B/Brisbane/60/2008|2008-04-08	B/Brisbane/60/2008|2008-04-08	2008.26775956284	349
B/Netherlands/1000/1983|1983	B/Netherlands/1000/1983|1983	1983	B/Austria/1359417/2021|2021-01-09	B/Austria/1359417/2021|2021-01-09	2021.02191780822	<100
B/Netherlands/1000/1983|1983	B/Netherlands/1000/1983|1983	1983	B/Colorado/6/2017|2017-02-25	B/Colorado/6/2017|2017-02-25	2017.15068493151	518
B/Netherlands/1000/1983|1983	B/Netherlands/1000/1983|1983	1983	B/Yamagata/16/1988|1988	B/Yamagata/16/1988|1988	1988	1206
B/Netherlands/1000/1983|1983	B/Netherlands/1000/1983|1983	1983	B/Sichuan/379/1999|1999	B/Sichuan/379/1999|1999	1999	1311
B/Netherlands/1000/1983|1983	B/Netherlands/1000/1983|1983	1983	B/Florida/4/2006|2006	B/Florida/4/2006|2006	2006	35
B/Netherlands/1000/1983|1983	B/Netherlands/1000/1983|1983	1983	B/Phuket/3073/2013|2013-11-21	B/Phuket/3073/2013|2013-11-21	2013.88767123288	<100
B/Netherlands/353/1985|1985	B/Netherlands/353/1985|1985	1985	B/Lee/1940|1940	B/Lee/1940|1940	1940	287
B/Netherlands/353/1985|1985	B/Netherlands/353/1985|1985	1985	B/Allen/1945|1945	B/Allen/1945|1945	1945	64
B/Netherlands/353/1985|1985	B/Netherlands/353/1985|1985	1985	B/GL/1739/1954|1954	B/GL/1739/1954|1954	1954	2535
B/Netherlands/353/1985|1985	B/Netherlands/353/1985|1985	1985	B/Mass/3/1966|1966	B/Mass/3/1966|1966	1966	6050
B/Netherlands/353/1985|1985	B/Netherlands/353/1985|1985	1985	B/Hong_Kong/5/1972|1972	B/Hong_Kong/5/1972|1972	1972	4825
B/Netherlands/353/1985|1985	B/Netherlands/353/1985|1985	1985	B/Victoria/2/1987|1987	B/Victoria/2/1987|1987	1987	15007
B/Netherlands/353/1985|1985	B/Netherlands/353/1985|1985	1985	B/Malaysia/2506/2004|2004	B/Malaysia/2506/2004|2004	2004	360
B/Netherlands/353/1985|1985	B/Netherlands/353/1985|1985	1985	B/Brisbane/60/2008|2008-04-08	B/Brisbane/60/2008|2008-04-08	2008.26775956284	85
B/Netherlands/353/1985|1985	B/Netherlands/353/1985|1985	1985	B/Austria/1359417/2021|2021-01-09	B/Austria/1359417/2021|2021-01-09	2021.02191780822	<100
B/Netherlands/353/1985|1985	B/Netherlands/353/1985|1985	1985	B/Colorado/6/2017|2017-02-25	B/Colorado/6/2017|2017-02-25	2017.15068493151	51
B/Netherlands/353/1985|1985	B/Netherlands/353/1985|1985	1985	B/Yamagata/16/1988|1988	B/Yamagata/16/1988|1988	1988	213
B/Netherlands/353/1985|1985	B/Netherlands/353/1985|1985	1985	B/Sichuan/379/1999|1999	B/Sichuan/379/1999|1999	1999	455
B/Netherlands/353/1985|1985	B/Netherlands/353/1985|1985	1985	B/Florida/4/2006|2006	B/Florida/4/2006|2006	2006	<100
B/Netherlands/353/1985|1985	B/Netherlands/353/1985|1985	1985	B/Phuket/3073/2013|2013-11-21	B/Phuket/3073/2013|2013-11-21	2013.88767123288	<100
B/Ann_Arbor/1/1986|1986	B/Ann_Arbor/1/1986|1986	1986	B/Lee/1940|1940	B/Lee/1940|1940	1940	168
B/Ann_Arbor/1/1986|1986	B/Ann_Arbor/1/1986|1986	1986	B/Allen/1945|1945	B/Allen/1945|1945	1945	86
B/Ann_Arbor/1/1986|1986	B/Ann_Arbor/1/1986|1986	1986	B/GL/1739/1954|1954	B/GL/1739/1954|1954	1954	2268
B/Ann_Arbor/1/1986|1986	B/Ann_Arbor/1/1986|1986	1986	B/Mass/3/1966|1966	B/Mass/3/1966|1966	1966	5432
B/Ann_Arbor/1/1986|1986	B/Ann_Arbor/1/1986|1986	1986	B/Hong_Kong/5/1972|1972	B/Hong_Kong/5/1972|1972	1972	4496
B/Ann_Arbor/1/1986|1986	B/Ann_Arbor/1/1986|1986	1986	B/Victoria/2/1987|1987	B/Victoria/2/1987|1987	1987	14138
B/Ann_Arbor/1/1986|1986	B/Ann_Arbor/1/1986|1986	1986	B/Malaysia/2506/2004|2004	B/Malaysia/2506/2004|2004	2004	370
B/Ann_Arbor/1/1986|1986	B/Ann_Arbor/1/1986|1986	1986	B/Brisbane/60/2008|2008-04-08	B/Brisbane/60/2008|2008-04-08	2008.26775956284	<100
B/Ann_Arbor/1/1986|1986	B/Ann_Arbor/1/1986|1986	1986	B/Austria/1359417/2021|2021-01-09	B/Austria/1359417/2021|2021-01-09	2021.02191780822	<100
B/Ann_Arbor/1/1986|1986	B/Ann_Arbor/1/1986|1986	1986	B/Colorado/6/2017|2017-02-25	B/Colorado/6/2017|2017-02-25	2017.15068493151	91
B/Ann_Arbor/1/1986|1986	B/Ann_Arbor/1/1986|1986	1986	B/Yamagata/16/1988|1988	B/Yamagata/16/1988|1988	1988	253
B/Ann_Arbor/1/1986|1986	B/Ann_Arbor/1/1986|1986	1986	B/Sichuan/379/1999|1999	B/Sichuan/379/1999|1999	1999	33
B/Ann_Arbor/1/1986|1986	B/Ann_Arbor/1/1986|1986	1986	B/Florida/4/2006|2006	B/Florida/4/2006|2006	2006	<100
B/Ann_Arbor/1/1986|1986	B/Ann_Arbor/1/1986|1986	1986	B/Phuket/3073/2013|2013-11-21	B/Phuket/3073/2013|2013-11-21	2013.88767123288	<100
B/Netherlands/1001/1990|1990	B/Netherlands/1001/1990|1990	1990	B/Lee/1940|1940	B/Lee/1940|1940	1940	128
B/Netherlands/1001/1990|1990	B/Netherlands/1001/1990|1990	1990	B/Allen/1945|1945	B/Allen/1945|1945	1945	<100
B/Netherlands/1001/1990|1990	B/Netherlands/1001/1990|1990	1990	B/GL/1739/1954|1954	B/GL/1739/1954|1954	1954	<100
B/Netherlands/1001/1990|1990	B/Netherlands/1001/1990|1990	1990	B/Mass/3/1966|1966	B/Mass/3/1966|1966	1966	2440
B/Netherlands/1001/1990|1990	B/Netherlands/1001/1990|1990	1990	B/Hong_Kong/5/1972|1972	B/Hong_Kong/5/1972|1972	1972	1921
B/Netherlands/1001/1990|1990	B/Netherlands/1001/1990|1990	1990	B/Victoria/2/1987|1987	B/Victoria/2/1987|1987	1987	5988
B/Netherlands/1001/1990|1990	B/Netherlands/1001/1990|1990	1990	B/Malaysia/2506/2004|2004	B/Malaysia/2506/2004|2004	2004	194
B/Netherlands/1001/1990|1990	B/Netherlands/1001/1990|1990	1990	B/Brisbane/60/2008|2008-04-08	B/Brisbane/60/2008|2008-04-08	2008.26775956284	<100
B/Netherlands/1001/1990|1990	B/Netherlands/1001/1990|1990	1990	B/Austria/1359417/2021|2021-01-09	B/Austria/1359417/2021|2021-01-09	2021.02191780822	<100
B/Netherlands/1001/1990|1990	B/Netherlands/1001/1990|1990	1990	B/Colorado/6/2017|2017-02-25	B/Colorado/6/2017|2017-02-25	2017.15068493151	<100
B/Netherlands/1001/1990|1990	B/Netherlands/1001/1990|1990	1990	B/Yamagata/16/1988|1988	B/Yamagata/16/1988|1988	1988	45
B/Netherlands/1001/1990|1990	B/Netherlands/1001/1990|1990	1990	B/Sichuan/379/1999|1999	B/Sichuan/379/1999|1999	1999	798
B/Netherlands/1001/1990|1990	B/Netherlands/1001/1990|1990	1990	B/Florida/4/2006|2006	B/Florida/4/2006|2006	2006	<100
B/Netherlands/1001/1990|1990	B/Netherlands/1001/1990|1990	1990	B/Phuket/3073/2013|2013-11-21	B/Phuket/3073/2013|2013-11-21	2013.88767123288	<100
B/GUANGDONG/8/1993|1993	B/GUANGDONG/8/1993|1993	1993	B/Lee/1940|1940	B/Lee/1940|1940	1940	<100
B/GUANGDONG/8/1993|1993	B/GUANGDONG/8/1993|1993	1993	B/Allen/1945|1945	B/Allen/1945|1945	1945	<100
B/GUANGDONG/8/1993|1993	B/GUANGDONG/8/1993|1993	1993	B/GL/1739/1954|1954	B/GL/1739/1954|1954	1954	<100
B/GUANGDONG/8/1993|1993	B/GUANGDONG/8/1993|1993	1993	B/Mass/3/1966|1966	B/Mass/3/1966|1966	1966	446
B/GUANGDONG/8/1993|1993	B/GUANGDONG/8/1993|1993	1993	B/Hong_Kong/5/1972|1972	B/Hong_Kong/5/1972|1972	1972	81
B/GUANGDONG/8/1993|1993	B/GUANGDONG/8/1993|1993	1993	B/Victoria/2/1987|1987	B/Victoria/2/1987|1987	1987	2046
B/GUANGDONG/8/1993|1993	B/GUANGDONG/8/1993|1993	1993	B/Malaysia/2506/2004|2004	B/Malaysia/2506/2004|2004	2004	<100
B/GUANGDONG/8/1993|1993	B/GUANGDONG/8/1993|1993	1993	B/Brisbane/60/2008|2008-04-08	B/Brisbane/60/2008|2008-04-08	2008.26775956284	<100
B/GUANGDONG/8/1993|1993	B/GUANGDONG/8/1993|1993	1993	B/Austria/1359417/2021|2021-01-09	B/Austria/1359417/2021|2021-01-09	2021.02191780822	<100
B/GUANGDONG/8/1993|1993	B/GUANGDONG/8/1993|1993	1993	B/Colorado/6/2017|2017-02-25	B/Colorado/6/2017|2017-02-25	2017.15068493151	<100
B/GUANGDONG/8/1993|1993	B/GUANGDONG/8/1993|1993	1993	B/Yamagata/16/1988|1988	B/Yamagata/16/1988|1988	1988	<100
B/GUANGDONG/8/1993|1993	B/GUANGDONG/8/1993|1993	1993	B/Sichuan/379/1999|1999	B/Sichuan/379/1999|1999	1999	<100
B/GUANGDONG/8/1993|1993	B/GUANGDONG/8/1993|1993	1993	B/Florida/4/2006|2006	B/Florida/4/2006|2006	2006	<100
B/GUANGDONG/8/1993|1993	B/GUANGDONG/8/1993|1993	1993	B/Phuket/3073/2013|2013-11-21	B/Phuket/3073/2013|2013-11-21	2013.88767123288	<100
B/GUANGDONG/5/1994|1994	B/GUANGDONG/5/1994|1994	1994	B/Lee/1940|1940	B/Lee/1940|1940	1940	103
B/GUANGDONG/5/1994|1994	B/GUANGDONG/5/1994|1994	1994	B/Allen/1945|1945	B/Allen/1945|1945	1945	<100
B/GUANGDONG/5/1994|1994	B/GUANGDONG/5/1994|1994	1994	B/GL/1739/1954|1954	B/GL/1739/1954|1954	1954	<100
B/GUANGDONG/5/1994|1994	B/GUANGDONG/5/1994|1994	1994	B/Mass/3/1966|1966	B/Mass/3/1966|1966	1966	2023
B/GUANGDONG/5/1994|1994	B/GUANGDONG/5/1994|1994	1994	B/Hong_Kong/5/1972|1972	B/Hong_Kong/5/1972|1972	1972	1090
B/GUANGDONG/5/1994|1994	B/GUANGDONG/5/1994|1994	1994	B/Victoria/2/1987|1987	B/Victoria/2/1987|1987	1987	5647
B/GUANGDONG/5/1994|1994	B/GUANGDONG/5/1994|1994	1994	B/Malaysia/2506/2004|2004	B/Malaysia/2506/2004|2004	2004	119
B/GUANGDONG/5/1994|1994	B/GUANGDONG/5/1994|1994	1994	B/Brisbane/60/2008|2008-04-08	B/Brisbane/60/2008|2008-04-08	2008.26775956284	<100
B/GUANGDONG/5/1994|1994	B/GUANGDONG/5/1994|1994	1994	B/Austria/1359417/2021|2021-01-09	B/Austria/1359417/2021|2021-01-09	2021.02191780822	<100
B/GUANGDONG/5/1994|1994	B/GUANGDONG/5/1994|1994	1994	B/Colorado/6/2017|2017-02-25	B/Colorado/6/2017|2017-02-25	2017.15068493151	<100
B/GUANGDONG/5/1994|1994	B/GUANGDONG/5/1994|1994	1994	B/Yamagata/16/1988|1988	B/Yamagata/16/1988|1988	1988	<100
B/GUANGDONG/5/1994|1994	B/GUANGDONG/5/1994|1994	1994	B/Sichuan/379/1999|1999	B/Sichuan/379/1999|1999	1999	403
B/GUANGDONG/5/1994|1994	B/GUANGDONG/5/1994|1994	1994	B/Florida/4/2006|2006	B/Florida/4/2006|2006	2006	<100
B/GUANGDONG/5/1994|1994	B/GUANGDONG/5/1994|1994	1994	B/Phuket/3073/2013|2013-11-21	B/Phuket/3073/2013|2013-11-21	2013.88767123288	<100
B/BANGKOK/624/1998|1998-06-24	B/BANGKOK/624/1998|1998-06-24	1998.47671232877	B/Lee/1940|1940	B/Lee/1940|1940	1940	<100
B/BANGKOK/624/1998|1998-06-24	B/BANGKOK/624/1998|1998-06-24	1998.47671232877	B/Allen/1945|1945	B/Allen/1945|1945	1945	<100
B/BANGKOK/624/1998|1998-06-24	B/BANGKOK/624/1998|1998-06-24	1998.47671232877	B/GL/1739/1954|1954	B/GL/1739/1954|1954	1954	<100
B/BANGKOK/624/1998|1998-06-24	B/BANGKOK/624/1998|1998-06-24	1998.47671232877	B/Mass/3/1966|1966	B/Mass/3/1966|1966	1966	1958
B/BANGKOK/624/1998|1998-06-24	B/BANGKOK/624/1998|1998-06-24	1998.47671232877	B/Hong_Kong/5/1972|1972	B/Hong_Kong/5/1972|1972	1972	129
B/BANGKOK/624/1998|1998-06-24	B/BANGKOK/624/1998|1998-06-24	1998.47671232877	B/Victoria/2/1987|1987	B/Victoria/2/1987|1987	1987	6030
B/BANGKOK/624/1998|1998-06-24	B/BANGKOK/624/1998|1998-06-24	1998.47671232877	B/Malaysia/2506/2004|2004	B/Malaysia/2506/2004|2004	2004	<100
B/BANGKOK/624/1998|1998-06-24	B/BANGKOK/624/1998|1998-06-24	1998.47671232877	B/Brisbane/60/2008|2008-04-08	B/Brisbane/60/2008|2008-04-08	2008.26775956284	<100
B/BANGKOK/624/1998|1998-06-24	B/BANGKOK/624/1998|1998-06-24	1998.47671232877	B/Austria/1359417/2021|2021-01-09	B/Austria/1359417/2021|2021-01-09	2021.02191780822	<100
B/BANGKOK/624/1998|1998-06-24	B/BANGKOK/624/1998|1998-06-24	1998.47671232877	B/Colorado/6/2017|2017-02-25	B/Colorado/6/2017|2017-02-25	2017.15068493151	<100
B/BANGKOK/624/1998|1998-06-24	B/BANGKOK/624/1998|1998-06-24	1998.47671232877	B/Yamagata/16/1988|1988	B/Yamagata/16/1988|1988	1988	<100
B/BANGKOK/624/1998|1998-06-24	B/BANGKOK/624/1998|1998-06-24	1998.47671232877	B/Sichuan/379/1999|1999	B/Sichuan/379/1999|1999	1999	504
B/BANGKOK/624/1998|1998-06-24	B/BANGKOK/624/1998|1998-06-24	1998.47671232877	B/Florida/4/2006|2006	B/Florida/4/2006|2006	2006	<100
B/BANGKOK/624/1998|1998-06-24	B/BANGKOK/624/1998|1998-06-24	1998.47671232877	B/Phuket/3073/2013|2013-11-21	B/Phuket/3073/2013|2013-11-21	2013.88767123288	<100
B/Bangkok/52/1999|1999	B/Bangkok/52/1999|1999	1999	B/Lee/1940|1940	B/Lee/1940|1940	1940	<100
B/Bangkok/52/1999|1999	B/Bangkok/52/1999|1999	1999	B/Allen/1945|1945	B/Allen/1945|1945	1945	<100
B/Bangkok/52/1999|1999	B/Bangkok/52/1999|1999	1999	B/GL/1739/1954|1954	B/GL/1739/1954|1954	1954	<100
B/Bangkok/52/1999|1999	B/Bangkok/52/1999|1999	1999	B/Mass/3/1966|1966	B/Mass/3/1966|1966	1966	3573
B/Bangkok/52/1999|1999	B/Bangkok/52/1999|1999	1999	B/Hong_Kong/5/1972|1972	B/Hong_Kong/5/1972|1972	1972	1300
B/Bangkok/52/1999|1999	B/Bangkok/52/1999|1999	1999	B/Victoria/2/1987|1987	B/Victoria/2/1987|1987	1987	10819
B/Bangkok/52/1999|1999	B/Bangkok/52/1999|1999	1999	B/Malaysia/2506/2004|2004	B/Malaysia/2506/2004|2004	2004	<100
B/Bangkok/52/1999|1999	B/Bangkok/52/1999|1999	1999	B/Brisbane/60/2008|2008-04-08	B/Brisbane/60/2008|2008-04-08	2008.26775956284	<100
B/Bangkok/52/1999|1999	B/Bangkok/52/1999|1999	1999	B/Austria/1359417/2021|2021-01-09	B/Austria/1359417/2021|2021-01-09	2021.02191780822	<100
B/Bangkok/52/1999|1999	B/Bangkok/52/1999|1999	1999	B/Colorado/6/2017|2017-02-25	B/Colorado/6/2017|2017-02-25	2017.15068493151	<100
B/Bangkok/52/1999|1999	B/Bangkok/52/1999|1999	1999	B/Yamagata/16/1988|1988	B/Yamagata/16/1988|1988	1988	<100
B/Bangkok/52/1999|1999	B/Bangkok/52/1999|1999	1999	B/Sichuan/379/1999|1999	B/Sichuan/379/1999|1999	1999	1019
B/Bangkok/52/1999|1999	B/Bangkok/52/1999|1999	1999	B/Florida/4/2006|2006	B/Florida/4/2006|2006	2006	<100
B/Bangkok/52/1999|1999	B/Bangkok/52/1999|1999	1999	B/Phuket/3073/2013|2013-11-21	B/Phuket/3073/2013|2013-11-21	2013.88767123288	<100
B/Bangkok/62/2002|2002-02-18	B/Bangkok/62/2002|2002-02-18	2002.13150684931	B/Lee/1940|1940	B/Lee/1940|1940	1940	1470
B/Bangkok/62/2002|2002-02-18	B/Bangkok/62/2002|2002-02-18	2002.13150684931	B/Allen/1945|1945	B/Allen/1945|1945	1945	1055
B/Bangkok/62/2002|2002-02-18	B/Bangkok/62/2002|2002-02-18	2002.13150684931	B/GL/1739/1954|1954	B/GL/1739/1954|1954	1954	1342
B/Bangkok/62/2002|2002-02-18	B/Bangkok/62/2002|2002-02-18	2002.13150684931	B/Mass/3/1966|1966	B/Mass/3/1966|1966	1966	2395
B/Bangkok/62/2002|2002-02-18	B/Bangkok/62/2002|2002-02-18	2002.13150684931	B/Hong_Kong/5/1972|1972	B/Hong_Kong/5/1972|1972	1972	7649
B/Bangkok/62/2002|2002-02-18	B/Bangkok/62/2002|2002-02-18	2002.13150684931	B/Victoria/2/1987|1987	B/Victoria/2/1987|1987	1987	7747
B/Bangkok/62/2002|2002-02-18	B/Bangkok/62/2002|2002-02-18	2002.13150684931	B/Malaysia/2506/2004|2004	B/Malaysia/2506/2004|2004	2004	2478
B/Bangkok/62/2002|2002-02-18	B/Bangkok/62/2002|2002-02-18	2002.13150684931	B/Brisbane/60/2008|2008-04-08	B/Brisbane/60/2008|2008-04-08	2008.26775956284	1290
B/Bangkok/62/2002|2002-02-18	B/Bangkok/62/2002|2002-02-18	2002.13150684931	B/Austria/1359417/2021|2021-01-09	B/Austria/1359417/2021|2021-01-09	2021.02191780822	2609
B/Bangkok/62/2002|2002-02-18	B/Bangkok/62/2002|2002-02-18	2002.13150684931	B/Colorado/6/2017|2017-02-25	B/Colorado/6/2017|2017-02-25	2017.15068493151	3132
B/Bangkok/62/2002|2002-02-18	B/Bangkok/62/2002|2002-02-18	2002.13150684931	B/Yamagata/16/1988|1988	B/Yamagata/16/1988|1988	1988	286
B/Bangkok/62/2002|2002-02-18	B/Bangkok/62/2002|2002-02-18	2002.13150684931	B/Sichuan/379/1999|1999	B/Sichuan/379/1999|1999	1999	7412
B/Bangkok/62/2002|2002-02-18	B/Bangkok/62/2002|2002-02-18	2002.13150684931	B/Florida/4/2006|2006	B/Florida/4/2006|2006	2006	392
B/Bangkok/62/2002|2002-02-18	B/Bangkok/62/2002|2002-02-18	2002.13150684931	B/Phuket/3073/2013|2013-11-21	B/Phuket/3073/2013|2013-11-21	2013.88767123288	217
B/Victoria/107/2005|2005-01-06	B/Victoria/107/2005|2005-01-06	2005.01369863014	B/Lee/1940|1940	B/Lee/1940|1940	1940	<100
B/Victoria/107/2005|2005-01-06	B/Victoria/107/2005|2005-01-06	2005.01369863014	B/Allen/1945|1945	B/Allen/1945|1945	1945	<100
B/Victoria/107/2005|2005-01-06	B/Victoria/107/2005|2005-01-06	2005.01369863014	B/GL/1739/1954|1954	B/GL/1739/1954|1954	1954	<100
B/Victoria/107/2005|2005-01-06	B/Victoria/107/2005|2005-01-06	2005.01369863014	B/Mass/3/1966|1966	B/Mass/3/1966|1966	1966	<100
B/Victoria/107/2005|2005-01-06	B/Victoria/107/2005|2005-01-06	2005.01369863014	B/Hong_Kong/5/1972|1972	B/Hong_Kong/5/1972|1972	1972	459
B/Victoria/107/2005|2005-01-06	B/Victoria/107/2005|2005-01-06	2005.01369863014	B/Victoria/2/1987|1987	B/Victoria/2/1987|1987	1987	1828
B/Victoria/107/2005|2005-01-06	B/Victoria/107/2005|2005-01-06	2005.01369863014	B/Malaysia/2506/2004|2004	B/Malaysia/2506/2004|2004	2004	247
B/Victoria/107/2005|2005-01-06	B/Victoria/107/2005|2005-01-06	2005.01369863014	B/Brisbane/60/2008|2008-04-08	B/Brisbane/60/2008|2008-04-08	2008.26775956284	2108
B/Victoria/107/2005|2005-01-06	B/Victoria/107/2005|2005-01-06	2005.01369863014	B/Austria/1359417/2021|2021-01-09	B/Austria/1359417/2021|2021-01-09	2021.02191780822	173
B/Victoria/107/2005|2005-01-06	B/Victoria/107/2005|2005-01-06	2005.01369863014	B/Colorado/6/2017|2017-02-25	B/Colorado/6/2017|2017-02-25	2017.15068493151	635
B/Victoria/107/2005|2005-01-06	B/Victoria/107/2005|2005-01-06	2005.01369863014	B/Yamagata/16/1988|1988	B/Yamagata/16/1988|1988	1988	<100
B/Victoria/107/2005|2005-01-06	B/Victoria/107/2005|2005-01-06	2005.01369863014	B/Sichuan/379/1999|1999	B/Sichuan/379/1999|1999	1999	624
B/Victoria/107/2005|2005-01-06	B/Victoria/107/2005|2005-01-06	2005.01369863014	B/Florida/4/2006|2006	B/Florida/4/2006|2006	2006	<100
B/Victoria/107/2005|2005-01-06	B/Victoria/107/2005|2005-01-06	2005.01369863014	B/Phuket/3073/2013|2013-11-21	B/Phuket/3073/2013|2013-11-21	2013.88767123288	<100
B/Victoria/304/2006|2006-06-06	B/Victoria/304/2006|2006-06-06	2006.42739726027	B/Lee/1940|1940	B/Lee/1940|1940	1940	6867
B/Victoria/304/2006|2006-06-06	B/Victoria/304/2006|2006-06-06	2006.42739726027	B/Allen/1945|1945	B/Allen/1945|1945	1945	6307
B/Victoria/304/2006|2006-06-06	B/Victoria/304/2006|2006-06-06	2006.42739726027	B/GL/1739/1954|1954	B/GL/1739/1954|1954	1954	8326
B/Victoria/304/2006|2006-06-06	B/Victoria/304/2006|2006-06-06	2006.42739726027	B/Mass/3/1966|1966	B/Mass/3/1966|1966	1966	9468
B/Victoria/304/2006|2006-06-06	B/Victoria/304/2006|2006-06-06	2006.42739726027	B/Hong_Kong/5/1972|1972	B/Hong_Kong/5/1972|1972	1972	7676
B/Victoria/304/2006|2006-06-06	B/Victoria/304/2006|2006-06-06	2006.42739726027	B/Victoria/2/1987|1987	B/Victoria/2/1987|1987	1987	5893
B/Victoria/304/2006|2006-06-06	B/Victoria/304/2006|2006-06-06	2006.42739726027	B/Malaysia/2506/2004|2004	B/Malaysia/2506/2004|2004	2004	945
B/Victoria/304/2006|2006-06-06	B/Victoria/304/2006|2006-06-06	2006.42739726027	B/Brisbane/60/2008|2008-04-08	B/Brisbane/60/2008|2008-04-08	2008.26775956284	4325
B/Victoria/304/2006|2006-06-06	B/Victoria/304/2006|2006-06-06	2006.42739726027	B/Austria/1359417/2021|2021-01-09	B/Austria/1359417/2021|2021-01-09	2021.02191780822	8616
B/Victoria/304/2006|2006-06-06	B/Victoria/304/2006|2006-06-06	2006.42739726027	B/Colorado/6/2017|2017-02-25	B/Colorado/6/2017|2017-02-25	2017.15068493151	6767
B/Victoria/304/2006|2006-06-06	B/Victoria/304/2006|2006-06-06	2006.42739726027	B/Yamagata/16/1988|1988	B/Yamagata/16/1988|1988	1988	6454
B/Victoria/304/2006|2006-06-06	B/Victoria/304/2006|2006-06-06	2006.42739726027	B/Sichuan/379/1999|1999	B/Sichuan/379/1999|1999	1999	4511
B/Victoria/304/2006|2006-06-06	B/Victoria/304/2006|2006-06-06	2006.42739726027	B/Florida/4/2006|2006	B/Florida/4/2006|2006	2006	760
B/Victoria/304/2006|2006-06-06	B/Victoria/304/2006|2006-06-06	2006.42739726027	B/Phuket/3073/2013|2013-11-21	B/Phuket/3073/2013|2013-11-21	2013.88767123288	1308
B/Brisbane/5/2007|2007-06-24	B/Brisbane/5/2007|2007-06-24	2007.47671232877	B/Lee/1940|1940	B/Lee/1940|1940	1940	<100
B/Brisbane/5/2007|2007-06-24	B/Brisbane/5/2007|2007-06-24	2007.47671232877	B/Allen/1945|1945	B/Allen/1945|1945	1945	<100
B/Brisbane/5/2007|2007-06-24	B/Brisbane/5/2007|2007-06-24	2007.47671232877	B/GL/1739/1954|1954	B/GL/1739/1954|1954	1954	<100
B/Brisbane/5/2007|2007-06-24	B/Brisbane/5/2007|2007-06-24	2007.47671232877	B/Mass/3/1966|1966	B/Mass/3/1966|1966	1966	<100
B/Brisbane/5/2007|2007-06-24	B/Brisbane/5/2007|2007-06-24	2007.47671232877	B/Hong_Kong/5/1972|1972	B/Hong_Kong/5/1972|1972	1972	<100
B/Brisbane/5/2007|2007-06-24	B/Brisbane/5/2007|2007-06-24	2007.47671232877	B/Victoria/2/1987|1987	B/Victoria/2/1987|1987	1987	232
B/Brisbane/5/2007|2007-06-24	B/Brisbane/5/2007|2007-06-24	2007.47671232877	B/Malaysia/2506/2004|2004	B/Malaysia/2506/2004|2004	2004	<100
B/Brisbane/5/2007|2007-06-24	B/Brisbane/5/2007|2007-06-24	2007.47671232877	B/Brisbane/60/2008|2008-04-08	B/Brisbane/60/2008|2008-04-08	2008.26775956284	235
B/Brisbane/5/2007|2007-06-24	B/Brisbane/5/2007|2007-06-24	2007.47671232877	B/Austria/1359417/2021|2021-01-09	B/Austria/1359417/2021|2021-01-09	2021.02191780822	<100
B/Brisbane/5/2007|2007-06-24	B/Brisbane/5/2007|2007-06-24	2007.47671232877	B/Colorado/6/2017|2017-02-25	B/Colorado/6/2017|2017-02-25	2017.15068493151	<100
B/Brisbane/5/2007|2007-06-24	B/Brisbane/5/2007|2007-06-24	2007.47671232877	B/Yamagata/16/1988|1988	B/Yamagata/16/1988|1988	1988	<100
B/Brisbane/5/2007|2007-06-24	B/Brisbane/5/2007|2007-06-24	2007.47671232877	B/Sichuan/379/1999|1999	B/Sichuan/379/1999|1999	1999	<100
B/Brisbane/5/2007|2007-06-24	B/Brisbane/5/2007|2007-06-24	2007.47671232877	B/Florida/4/2006|2006	B/Florida/4/2006|2006	2006	<100
B/Brisbane/5/2007|2007-06-24	B/Brisbane/5/2007|2007-06-24	2007.47671232877	B/Phuket/3073/2013|2013-11-21	B/Phuket/3073/2013|2013-11-21	2013.88767123288	<100
B/Brisbane/60/2008|2008-04-08	B/Brisbane/60/2008|2008-04-08	2008.26775956284	B/Lee/1940|1940	B/Lee/1940|1940	1940	1099
B/Brisbane/60/2008|2008-04-08	B/Brisbane/60/2008|2008-04-08	2008.26775956284	B/Allen/1945|1945	B/Allen/1945|1945	1945	2593
B/Brisbane/60/2008|2008-04-08	B/Brisbane/60/2008|2008-04-08	2008.26775956284	B/GL/1739/1954|1954	B/GL/1739/1954|1954	1954	1224
B/Brisbane/60/2008|2008-04-08	B/Brisbane/60/2008|2008-04-08	2008.26775956284	B/Mass/3/1966|1966	B/Mass/3/1966|1966	1966	<100
B/Brisbane/60/2008|2008-04-08	B/Brisbane/60/2008|2008-04-08	2008.26775956284	B/Hong_Kong/5/1972|1972	B/Hong_Kong/5/1972|1972	1972	1287
B/Brisbane/60/2008|2008-04-08	B/Brisbane/60/2008|2008-04-08	2008.26775956284	B/Victoria/2/1987|1987	B/Victoria/2/1987|1987	1987	1704
B/Brisbane/60/2008|2008-04-08	B/Brisbane/60/2008|2008-04-08	2008.26775956284	B/Malaysia/2506/2004|2004	B/Malaysia/2506/2004|2004	2004	191
B/Brisbane/60/2008|2008-04-08	B/Brisbane/60/2008|2008-04-08	2008.26775956284	B/Brisbane/60/2008|2008-04-08	B/Brisbane/60/2008|2008-04-08	2008.26775956284	1575
B/Brisbane/60/2008|2008-04-08	B/Brisbane/60/2008|2008-04-08	2008.26775956284	B/Austria/1359417/2021|2021-01-09	B/Austria/1359417/2021|2021-01-09	2021.02191780822	1735
B/Brisbane/60/2008|2008-04-08	B/Brisbane/60/2008|2008-04-08	2008.26775956284	B/Colorado/6/2017|2017-02-25	B/Colorado/6/2017|2017-02-25	2017.15068493151	1851
B/Brisbane/60/2008|2008-04-08	B/Brisbane/60/2008|2008-04-08	2008.26775956284	B/Yamagata/16/1988|1988	B/Yamagata/16/1988|1988	1988	<100
B/Brisbane/60/2008|2008-04-08	B/Brisbane/60/2008|2008-04-08	2008.26775956284	B/Sichuan/379/1999|1999	B/Sichuan/379/1999|1999	1999	1078
B/Brisbane/60/2008|2008-04-08	B/Brisbane/60/2008|2008-04-08	2008.26775956284	B/Florida/4/2006|2006	B/Florida/4/2006|2006	2006	74
B/Brisbane/60/2008|2008-04-08	B/Brisbane/60/2008|2008-04-08	2008.26775956284	B/Phuket/3073/2013|2013-11-21	B/Phuket/3073/2013|2013-11-21	2013.88767123288	222
B/SYDNEY/3/2009|2009-05-05	B/SYDNEY/3/2009|2009-05-05	2009.3397260274	B/Lee/1940|1940	B/Lee/1940|1940	1940	89
B/SYDNEY/3/2009|2009-05-05	B/SYDNEY/3/2009|2009-05-05	2009.3397260274	B/Allen/1945|1945	B/Allen/1945|1945	1945	<100
B/SYDNEY/3/2009|2009-05-05	B/SYDNEY/3/2009|2009-05-05	2009.3397260274	B/GL/1739/1954|1954	B/GL/1739/1954|1954	1954	<100
B/SYDNEY/3/2009|2009-05-05	B/SYDNEY/3/2009|2009-05-05	2009.3397260274	B/Mass/3/1966|1966	B/Mass/3/1966|1966	1966	<100
B/SYDNEY/3/2009|2009-05-05	B/SYDNEY/3/2009|2009-05-05	2009.3397260274	B/Hong_Kong/5/1972|1972	B/Hong_Kong/5/1972|1972	1972	2250
B/SYDNEY/3/2009|2009-05-05	B/SYDNEY/3/2009|2009-05-05	2009.3397260274	B/Victoria/2/1987|1987	B/Victoria/2/1987|1987	1987	4999
B/SYDNEY/3/2009|2009-05-05	B/SYDNEY/3/2009|2009-05-05	2009.3397260274	B/Malaysia/2506/2004|2004	B/Malaysia/2506/2004|2004	2004	794
B/SYDNEY/3/2009|2009-05-05	B/SYDNEY/3/2009|2009-05-05	2009.3397260274	B/Brisbane/60/2008|2008-04-08	B/Brisbane/60/2008|2008-04-08	2008.26775956284	719
B/SYDNEY/3/2009|2009-05-05	B/SYDNEY/3/2009|2009-05-05	2009.3397260274	B/Austria/1359417/2021|2021-01-09	B/Austria/1359417/2021|2021-01-09	2021.02191780822	1332
B/SYDNEY/3/2009|2009-05-05	B/SYDNEY/3/2009|2009-05-05	2009.3397260274	B/Colorado/6/2017|2017-02-25	B/Colorado/6/2017|2017-02-25	2017.15068493151	1678
B/SYDNEY/3/2009|2009-05-05	B/SYDNEY/3/2009|2009-05-05	2009.3397260274	B/Yamagata/16/1988|1988	B/Yamagata/16/1988|1988	1988	<100
B/SYDNEY/3/2009|2009-05-05	B/SYDNEY/3/2009|2009-05-05	2009.3397260274	B/Sichuan/379/1999|1999	B/Sichuan/379/1999|1999	1999	1294
B/SYDNEY/3/2009|2009-05-05	B/SYDNEY/3/2009|2009-05-05	2009.3397260274	B/Florida/4/2006|2006	B/Florida/4/2006|2006	2006	80
B/SYDNEY/3/2009|2009-05-05	B/SYDNEY/3/2009|2009-05-05	2009.3397260274	B/Phuket/3073/2013|2013-11-21	B/Phuket/3073/2013|2013-11-21	2013.88767123288	152
B/Singapore/INFKK-16-0575/2016|2016-06-02	B/Singapore/INFKK-16-0575/2016|2016-06-02	2016.41803278689	B/Lee/1940|1940	B/Lee/1940|1940	1940	<100
B/Singapore/INFKK-16-0575/2016|2016-06-02	B/Singapore/INFKK-16-0575/2016|2016-06-02	2016.41803278689	B/Allen/1945|1945	B/Allen/1945|1945	1945	<100
B/Singapore/INFKK-16-0575/2016|2016-06-02	B/Singapore/INFKK-16-0575/2016|2016-06-02	2016.41803278689	B/GL/1739/1954|1954	B/GL/1739/1954|1954	1954	<100
B/Singapore/INFKK-16-0575/2016|2016-06-02	B/Singapore/INFKK-16-0575/2016|2016-06-02	2016.41803278689	B/Mass/3/1966|1966	B/Mass/3/1966|1966	1966	<100
B/Singapore/INFKK-16-0575/2016|2016-06-02	B/Singapore/INFKK-16-0575/2016|2016-06-02	2016.41803278689	B/Hong_Kong/5/1972|1972	B/Hong_Kong/5/1972|1972	1972	<100
B/Singapore/INFKK-16-0575/2016|2016-06-02	B/Singapore/INFKK-16-0575/2016|2016-06-02	2016.41803278689	B/Victoria/2/1987|1987	B/Victoria/2/1987|1987	1987	1679
B/Singapore/INFKK-16-0575/2016|2016-06-02	B/Singapore/INFKK-16-0575/2016|2016-06-02	2016.41803278689	B/Malaysia/2506/2004|2004	B/Malaysia/2506/2004|2004	2004	<100
B/Singapore/INFKK-16-0575/2016|2016-06-02	B/Singapore/INFKK-16-0575/2016|2016-06-02	2016.41803278689	B/Brisbane/60/2008|2008-04-08	B/Brisbane/60/2008|2008-04-08	2008.26775956284	1301
B/Singapore/INFKK-16-0575/2016|2016-06-02	B/Singapore/INFKK-16-0575/2016|2016-06-02	2016.41803278689	B/Austria/1359417/2021|2021-01-09	B/Austria/1359417/2021|2021-01-09	2021.02191780822	919
B/Singapore/INFKK-16-0575/2016|2016-06-02	B/Singapore/INFKK-16-0575/2016|2016-06-02	2016.41803278689	B/Colorado/6/2017|2017-02-25	B/Colorado/6/2017|2017-02-25	2017.15068493151	1619
B/Singapore/INFKK-16-0575/2016|2016-06-02	B/Singapore/INFKK-16-0575/2016|2016-06-02	2016.41803278689	B/Yamagata/16/1988|1988	B/Yamagata/16/1988|1988	1988	<100
B/Singapore/INFKK-16-0575/2016|2016-06-02	B/Singapore/INFKK-16-0575/2016|2016-06-02	2016.41803278689	B/Sichuan/379/1999|1999	B/Sichuan/379/1999|1999	1999	515
B/Singapore/INFKK-16-0575/2016|2016-06-02	B/Singapore/INFKK-16-0575/2016|2016-06-02	2016.41803278689	B/Florida/4/2006|2006	B/Florida/4/2006|2006	2006	<100
B/Singapore/INFKK-16-0575/2016|2016-06-02	B/Singapore/INFKK-16-0575/2016|2016-06-02	2016.41803278689	B/Phuket/3073/2013|2013-11-21	B/Phuket/3073/2013|2013-11-21	2013.88767123288	<100
B/Singapore/KK0148/2018.6|2018-01-29	B/Singapore/KK0148/2018.6|2018-01-29	2018.07671232877	B/Lee/1940|1940	B/Lee/1940|1940	1940	<100
B/Singapore/KK0148/2018.6|2018-01-29	B/Singapore/KK0148/2018.6|2018-01-29	2018.07671232877	B/Allen/1945|1945	B/Allen/1945|1945	1945	<100
B/Singapore/KK0148/2018.6|2018-01-29	B/Singapore/KK0148/2018.6|2018-01-29	2018.07671232877	B/GL/1739/1954|1954	B/GL/1739/1954|1954	1954	<100
B/Singapore/KK0148/2018.6|2018-01-29	B/Singapore/KK0148/2018.6|2018-01-29	2018.07671232877	B/Mass/3/1966|1966	B/Mass/3/1966|1966	1966	<100
B/Singapore/KK0148/2018.6|2018-01-29	B/Singapore/KK0148/2018.6|2018-01-29	2018.07671232877	B/Hong_Kong/5/1972|1972	B/Hong_Kong/5/1972|1972	1972	<100
B/Singapore/KK0148/2018.6|2018-01-29	B/Singapore/KK0148/2018.6|2018-01-29	2018.07671232877	B/Victoria/2/1987|1987	B/Victoria/2/1987|1987	1987	6858
B/Singapore/KK0148/2018.6|2018-01-29	B/Singapore/KK0148/2018.6|2018-01-29	2018.07671232877	B/Malaysia/2506/2004|2004	B/Malaysia/2506/2004|2004	2004	85
B/Singapore/KK0148/2018.6|2018-01-29	B/Singapore/KK0148/2018.6|2018-01-29	2018.07671232877	B/Brisbane/60/2008|2008-04-08	B/Brisbane/60/2008|2008-04-08	2008.26775956284	5003
B/Singapore/KK0148/2018.6|2018-01-29	B/Singapore/KK0148/2018.6|2018-01-29	2018.07671232877	B/Austria/1359417/2021|2021-01-09	B/Austria/1359417/2021|2021-01-09	2021.02191780822	2856
B/Singapore/KK0148/2018.6|2018-01-29	B/Singapore/KK0148/2018.6|2018-01-29	2018.07671232877	B/Colorado/6/2017|2017-02-25	B/Colorado/6/2017|2017-02-25	2017.15068493151	5742
B/Singapore/KK0148/2018.6|2018-01-29	B/Singapore/KK0148/2018.6|2018-01-29	2018.07671232877	B/Yamagata/16/1988|1988	B/Yamagata/16/1988|1988	1988	<100
B/Singapore/KK0148/2018.6|2018-01-29	B/Singapore/KK0148/2018.6|2018-01-29	2018.07671232877	B/Sichuan/379/1999|1999	B/Sichuan/379/1999|1999	1999	1155
B/Singapore/KK0148/2018.6|2018-01-29	B/Singapore/KK0148/2018.6|2018-01-29	2018.07671232877	B/Florida/4/2006|2006	B/Florida/4/2006|2006	2006	58
B/Singapore/KK0148/2018.6|2018-01-29	B/Singapore/KK0148/2018.6|2018-01-29	2018.07671232877	B/Phuket/3073/2013|2013-11-21	B/Phuket/3073/2013|2013-11-21	2013.88767123288	<100
B/Christchurch/501/2020|2020-03-02	B/Christchurch/501/2020|2020-03-02	2020.16666666667	B/Lee/1940|1940	B/Lee/1940|1940	1940	<100
B/Christchurch/501/2020|2020-03-02	B/Christchurch/501/2020|2020-03-02	2020.16666666667	B/Allen/1945|1945	B/Allen/1945|1945	1945	<100
B/Christchurch/501/2020|2020-03-02	B/Christchurch/501/2020|2020-03-02	2020.16666666667	B/GL/1739/1954|1954	B/GL/1739/1954|1954	1954	<100
B/Christchurch/501/2020|2020-03-02	B/Christchurch/501/2020|2020-03-02	2020.16666666667	B/Mass/3/1966|1966	B/Mass/3/1966|1966	1966	<100
B/Christchurch/501/2020|2020-03-02	B/Christchurch/501/2020|2020-03-02	2020.16666666667	B/Hong_Kong/5/1972|1972	B/Hong_Kong/5/1972|1972	1972	<100
B/Christchurch/501/2020|2020-03-02	B/Christchurch/501/2020|2020-03-02	2020.16666666667	B/Victoria/2/1987|1987	B/Victoria/2/1987|1987	1987	<100
B/Christchurch/501/2020|2020-03-02	B/Christchurch/501/2020|2020-03-02	2020.16666666667	B/Malaysia/2506/2004|2004	B/Malaysia/2506/2004|2004	2004	<100
B/Christchurch/501/2020|2020-03-02	B/Christchurch/501/2020|2020-03-02	2020.16666666667	B/Brisbane/60/2008|2008-04-08	B/Brisbane/60/2008|2008-04-08	2008.26775956284	48
B/Christchurch/501/2020|2020-03-02	B/Christchurch/501/2020|2020-03-02	2020.16666666667	B/Austria/1359417/2021|2021-01-09	B/Austria/1359417/2021|2021-01-09	2021.02191780822	83
B/Christchurch/501/2020|2020-03-02	B/Christchurch/501/2020|2020-03-02	2020.16666666667	B/Colorado/6/2017|2017-02-25	B/Colorado/6/2017|2017-02-25	2017.15068493151	<100
B/Christchurch/501/2020|2020-03-02	B/Christchurch/501/2020|2020-03-02	2020.16666666667	B/Yamagata/16/1988|1988	B/Yamagata/16/1988|1988	1988	<100
B/Christchurch/501/2020|2020-03-02	B/Christchurch/501/2020|2020-03-02	2020.16666666667	B/Sichuan/379/1999|1999	B/Sichuan/379/1999|1999	1999	<100
B/Christchurch/501/2020|2020-03-02	B/Christchurch/501/2020|2020-03-02	2020.16666666667	B/Florida/4/2006|2006	B/Florida/4/2006|2006	2006	<100
B/Christchurch/501/2020|2020-03-02	B/Christchurch/501/2020|2020-03-02	2020.16666666667	B/Phuket/3073/2013|2013-11-21	B/Phuket/3073/2013|2013-11-21	2013.88767123288	<100
B/South_Auckland/1/2021|2021-06-04	B/South_Auckland/1/2021|2021-06-04	2021.42191780822	B/Lee/1940|1940	B/Lee/1940|1940	1940	<100
B/South_Auckland/1/2021|2021-06-04	B/South_Auckland/1/2021|2021-06-04	2021.42191780822	B/Allen/1945|1945	B/Allen/1945|1945	1945	<100
B/South_Auckland/1/2021|2021-06-04	B/South_Auckland/1/2021|2021-06-04	2021.42191780822	B/GL/1739/1954|1954	B/GL/1739/1954|1954	1954	<100
B/South_Auckland/1/2021|2021-06-04	B/South_Auckland/1/2021|2021-06-04	2021.42191780822	B/Mass/3/1966|1966	B/Mass/3/1966|1966	1966	<100
B/South_Auckland/1/2021|2021-06-04	B/South_Auckland/1/2021|2021-06-04	2021.42191780822	B/Hong_Kong/5/1972|1972	B/Hong_Kong/5/1972|1972	1972	<100
B/South_Auckland/1/2021|2021-06-04	B/South_Auckland/1/2021|2021-06-04	2021.42191780822	B/Victoria/2/1987|1987	B/Victoria/2/1987|1987	1987	412
B/South_Auckland/1/2021|2021-06-04	B/South_Auckland/1/2021|2021-06-04	2021.42191780822	B/Malaysia/2506/2004|2004	B/Malaysia/2506/2004|2004	2004	<100
B/South_Auckland/1/2021|2021-06-04	B/South_Auckland/1/2021|2021-06-04	2021.42191780822	B/Brisbane/60/2008|2008-04-08	B/Brisbane/60/2008|2008-04-08	2008.26775956284	680
B/South_Auckland/1/2021|2021-06-04	B/South_Auckland/1/2021|2021-06-04	2021.42191780822	B/Austria/1359417/2021|2021-01-09	B/Austria/1359417/2021|2021-01-09	2021.02191780822	777
B/South_Auckland/1/2021|2021-06-04	B/South_Auckland/1/2021|2021-06-04	2021.42191780822	B/Colorado/6/2017|2017-02-25	B/Colorado/6/2017|2017-02-25	2017.15068493151	400
B/South_Auckland/1/2021|2021-06-04	B/South_Auckland/1/2021|2021-06-04	2021.42191780822	B/Yamagata/16/1988|1988	B/Yamagata/16/1988|1988	1988	<100
B/South_Auckland/1/2021|2021-06-04	B/South_Auckland/1/2021|2021-06-04	2021.42191780822	B/Sichuan/379/1999|1999	B/Sichuan/379/1999|1999	1999	<100
B/South_Auckland/1/2021|2021-06-04	B/South_Auckland/1/2021|2021-06-04	2021.42191780822	B/Florida/4/2006|2006	B/Florida/4/2006|2006	2006	<100
B/South_Auckland/1/2021|2021-06-04	B/South_Auckland/1/2021|2021-06-04	2021.42191780822	B/Phuket/3073/2013|2013-11-21	B/Phuket/3073/2013|2013-11-21	2013.88767123288	<100
B/ENGLAND/741/1989|1989	B/ENGLAND/741/1989|1989	1989	B/Lee/1940|1940	B/Lee/1940|1940	1940	101
B/ENGLAND/741/1989|1989	B/ENGLAND/741/1989|1989	1989	B/Allen/1945|1945	B/Allen/1945|1945	1945	121
B/ENGLAND/741/1989|1989	B/ENGLAND/741/1989|1989	1989	B/GL/1739/1954|1954	B/GL/1739/1954|1954	1954	150
B/ENGLAND/741/1989|1989	B/ENGLAND/741/1989|1989	1989	B/Mass/3/1966|1966	B/Mass/3/1966|1966	1966	2478
B/ENGLAND/741/1989|1989	B/ENGLAND/741/1989|1989	1989	B/Hong_Kong/5/1972|1972	B/Hong_Kong/5/1972|1972	1972	1879
B/ENGLAND/741/1989|1989	B/ENGLAND/741/1989|1989	1989	B/Victoria/2/1987|1987	B/Victoria/2/1987|1987	1987	9231
B/ENGLAND/741/1989|1989	B/ENGLAND/741/1989|1989	1989	B/Malaysia/2506/2004|2004	B/Malaysia/2506/2004|2004	2004	220
B/ENGLAND/741/1989|1989	B/ENGLAND/741/1989|1989	1989	B/Brisbane/60/2008|2008-04-08	B/Brisbane/60/2008|2008-04-08	2008.26775956284	<100
B/ENGLAND/741/1989|1989	B/ENGLAND/741/1989|1989	1989	B/Austria/1359417/2021|2021-01-09	B/Austria/1359417/2021|2021-01-09	2021.02191780822	<100
B/ENGLAND/741/1989|1989	B/ENGLAND/741/1989|1989	1989	B/Colorado/6/2017|2017-02-25	B/Colorado/6/2017|2017-02-25	2017.15068493151	<100
B/ENGLAND/741/1989|1989	B/ENGLAND/741/1989|1989	1989	B/Yamagata/16/1988|1988	B/Yamagata/16/1988|1988	1988	325
B/ENGLAND/741/1989|1989	B/ENGLAND/741/1989|1989	1989	B/Sichuan/379/1999|1999	B/Sichuan/379/1999|1999	1999	857
B/ENGLAND/741/1989|1989	B/ENGLAND/741/1989|1989	1989	B/Florida/4/2006|2006	B/Florida/4/2006|2006	2006	<100
B/ENGLAND/741/1989|1989	B/ENGLAND/741/1989|1989	1989	B/Phuket/3073/2013|2013-11-21	B/Phuket/3073/2013|2013-11-21	2013.88767123288	<100
B/GUANDONG/4/1991|1991	B/GUANDONG/4/1991|1991	1991	B/Lee/1940|1940	B/Lee/1940|1940	1940	102
B/GUANDONG/4/1991|1991	B/GUANDONG/4/1991|1991	1991	B/Allen/1945|1945	B/Allen/1945|1945	1945	<100
B/GUANDONG/4/1991|1991	B/GUANDONG/4/1991|1991	1991	B/GL/1739/1954|1954	B/GL/1739/1954|1954	1954	<100
B/GUANDONG/4/1991|1991	B/GUANDONG/4/1991|1991	1991	B/Mass/3/1966|1966	B/Mass/3/1966|1966	1966	594
B/GUANDONG/4/1991|1991	B/GUANDONG/4/1991|1991	1991	B/Hong_Kong/5/1972|1972	B/Hong_Kong/5/1972|1972	1972	<100
B/GUANDONG/4/1991|1991	B/GUANDONG/4/1991|1991	1991	B/Victoria/2/1987|1987	B/Victoria/2/1987|1987	1987	2575
B/GUANDONG/4/1991|1991	B/GUANDONG/4/1991|1991	1991	B/Malaysia/2506/2004|2004	B/Malaysia/2506/2004|2004	2004	<100
B/GUANDONG/4/1991|1991	B/GUANDONG/4/1991|1991	1991	B/Brisbane/60/2008|2008-04-08	B/Brisbane/60/2008|2008-04-08	2008.26775956284	104
B/GUANDONG/4/1991|1991	B/GUANDONG/4/1991|1991	1991	B/Austria/1359417/2021|2021-01-09	B/Austria/1359417/2021|2021-01-09	2021.02191780822	<100
B/GUANDONG/4/1991|1991	B/GUANDONG/4/1991|1991	1991	B/Colorado/6/2017|2017-02-25	B/Colorado/6/2017|2017-02-25	2017.15068493151	<100
B/GUANDONG/4/1991|1991	B/GUANDONG/4/1991|1991	1991	B/Yamagata/16/1988|1988	B/Yamagata/16/1988|1988	1988	<100
B/GUANDONG/4/1991|1991	B/GUANDONG/4/1991|1991	1991	B/Sichuan/379/1999|1999	B/Sichuan/379/1999|1999	1999	<100
B/GUANDONG/4/1991|1991	B/GUANDONG/4/1991|1991	1991	B/Florida/4/2006|2006	B/Florida/4/2006|2006	2006	<100
B/GUANDONG/4/1991|1991	B/GUANDONG/4/1991|1991	1991	B/Phuket/3073/2013|2013-11-21	B/Phuket/3073/2013|2013-11-21	2013.88767123288	<100
B/SICHUAN/8/1992|1992	B/SICHUAN/8/1992|1992	1992	B/Lee/1940|1940	B/Lee/1940|1940	1940	<100
B/SICHUAN/8/1992|1992	B/SICHUAN/8/1992|1992	1992	B/Allen/1945|1945	B/Allen/1945|1945	1945	<100
B/SICHUAN/8/1992|1992	B/SICHUAN/8/1992|1992	1992	B/GL/1739/1954|1954	B/GL/1739/1954|1954	1954	55
B/SICHUAN/8/1992|1992	B/SICHUAN/8/1992|1992	1992	B/Mass/3/1966|1966	B/Mass/3/1966|1966	1966	467
B/SICHUAN/8/1992|1992	B/SICHUAN/8/1992|1992	1992	B/Hong_Kong/5/1972|1972	B/Hong_Kong/5/1972|1972	1972	864
B/SICHUAN/8/1992|1992	B/SICHUAN/8/1992|1992	1992	B/Victoria/2/1987|1987	B/Victoria/2/1987|1987	1987	2777
B/SICHUAN/8/1992|1992	B/SICHUAN/8/1992|1992	1992	B/Malaysia/2506/2004|2004	B/Malaysia/2506/2004|2004	2004	104
B/SICHUAN/8/1992|1992	B/SICHUAN/8/1992|1992	1992	B/Brisbane/60/2008|2008-04-08	B/Brisbane/60/2008|2008-04-08	2008.26775956284	<100
B/SICHUAN/8/1992|1992	B/SICHUAN/8/1992|1992	1992	B/Austria/1359417/2021|2021-01-09	B/Austria/1359417/2021|2021-01-09	2021.02191780822	<100
B/SICHUAN/8/1992|1992	B/SICHUAN/8/1992|1992	1992	B/Colorado/6/2017|2017-02-25	B/Colorado/6/2017|2017-02-25	2017.15068493151	45
B/SICHUAN/8/1992|1992	B/SICHUAN/8/1992|1992	1992	B/Yamagata/16/1988|1988	B/Yamagata/16/1988|1988	1988	<100
B/SICHUAN/8/1992|1992	B/SICHUAN/8/1992|1992	1992	B/Sichuan/379/1999|1999	B/Sichuan/379/1999|1999	1999	<100
B/SICHUAN/8/1992|1992	B/SICHUAN/8/1992|1992	1992	B/Florida/4/2006|2006	B/Florida/4/2006|2006	2006	<100
B/SICHUAN/8/1992|1992	B/SICHUAN/8/1992|1992	1992	B/Phuket/3073/2013|2013-11-21	B/Phuket/3073/2013|2013-11-21	2013.88767123288	<100
B/WELLINGTON/9/1995|1995-05-30	B/WELLINGTON/9/1995|1995-05-30	1995.40821917808	B/Lee/1940|1940	B/Lee/1940|1940	1940	<100
B/WELLINGTON/9/1995|1995-05-30	B/WELLINGTON/9/1995|1995-05-30	1995.40821917808	B/Allen/1945|1945	B/Allen/1945|1945	1945	<100
B/WELLINGTON/9/1995|1995-05-30	B/WELLINGTON/9/1995|1995-05-30	1995.40821917808	B/GL/1739/1954|1954	B/GL/1739/1954|1954	1954	<100
B/WELLINGTON/9/1995|1995-05-30	B/WELLINGTON/9/1995|1995-05-30	1995.40821917808	B/Mass/3/1966|1966	B/Mass/3/1966|1966	1966	2725
B/WELLINGTON/9/1995|1995-05-30	B/WELLINGTON/9/1995|1995-05-30	1995.40821917808	B/Hong_Kong/5/1972|1972	B/Hong_Kong/5/1972|1972	1972	12387
B/WELLINGTON/9/1995|1995-05-30	B/WELLINGTON/9/1995|1995-05-30	1995.40821917808	B/Victoria/2/1987|1987	B/Victoria/2/1987|1987	1987	11160
B/WELLINGTON/9/1995|1995-05-30	B/WELLINGTON/9/1995|1995-05-30	1995.40821917808	B/Malaysia/2506/2004|2004	B/Malaysia/2506/2004|2004	2004	1808
B/WELLINGTON/9/1995|1995-05-30	B/WELLINGTON/9/1995|1995-05-30	1995.40821917808	B/Brisbane/60/2008|2008-04-08	B/Brisbane/60/2008|2008-04-08	2008.26775956284	737
B/WELLINGTON/9/1995|1995-05-30	B/WELLINGTON/9/1995|1995-05-30	1995.40821917808	B/Austria/1359417/2021|2021-01-09	B/Austria/1359417/2021|2021-01-09	2021.02191780822	<100
B/WELLINGTON/9/1995|1995-05-30	B/WELLINGTON/9/1995|1995-05-30	1995.40821917808	B/Colorado/6/2017|2017-02-25	B/Colorado/6/2017|2017-02-25	2017.15068493151	738
B/WELLINGTON/9/1995|1995-05-30	B/WELLINGTON/9/1995|1995-05-30	1995.40821917808	B/Yamagata/16/1988|1988	B/Yamagata/16/1988|1988	1988	<100
B/WELLINGTON/9/1995|1995-05-30	B/WELLINGTON/9/1995|1995-05-30	1995.40821917808	B/Sichuan/379/1999|1999	B/Sichuan/379/1999|1999	1999	1750
B/WELLINGTON/9/1995|1995-05-30	B/WELLINGTON/9/1995|1995-05-30	1995.40821917808	B/Florida/4/2006|2006	B/Florida/4/2006|2006	2006	174
B/WELLINGTON/9/1995|1995-05-30	B/WELLINGTON/9/1995|1995-05-30	1995.40821917808	B/Phuket/3073/2013|2013-11-21	B/Phuket/3073/2013|2013-11-21	2013.88767123288	92
B/LISBON/3/1996|1996	B/LISBON/3/1996|1996	1996	B/Lee/1940|1940	B/Lee/1940|1940	1940	194
B/LISBON/3/1996|1996	B/LISBON/3/1996|1996	1996	B/Allen/1945|1945	B/Allen/1945|1945	1945	36
B/LISBON/3/1996|1996	B/LISBON/3/1996|1996	1996	B/GL/1739/1954|1954	B/GL/1739/1954|1954	1954	<100
B/LISBON/3/1996|1996	B/LISBON/3/1996|1996	1996	B/Mass/3/1966|1966	B/Mass/3/1966|1966	1966	369
B/LISBON/3/1996|1996	B/LISBON/3/1996|1996	1996	B/Hong_Kong/5/1972|1972	B/Hong_Kong/5/1972|1972	1972	1364
B/LISBON/3/1996|1996	B/LISBON/3/1996|1996	1996	B/Victoria/2/1987|1987	B/Victoria/2/1987|1987	1987	4402
B/LISBON/3/1996|1996	B/LISBON/3/1996|1996	1996	B/Malaysia/2506/2004|2004	B/Malaysia/2506/2004|2004	2004	440
B/LISBON/3/1996|1996	B/LISBON/3/1996|1996	1996	B/Brisbane/60/2008|2008-04-08	B/Brisbane/60/2008|2008-04-08	2008.26775956284	285
B/LISBON/3/1996|1996	B/LISBON/3/1996|1996	1996	B/Austria/1359417/2021|2021-01-09	B/Austria/1359417/2021|2021-01-09	2021.02191780822	<100
B/LISBON/3/1996|1996	B/LISBON/3/1996|1996	1996	B/Colorado/6/2017|2017-02-25	B/Colorado/6/2017|2017-02-25	2017.15068493151	321
B/LISBON/3/1996|1996	B/LISBON/3/1996|1996	1996	B/Yamagata/16/1988|1988	B/Yamagata/16/1988|1988	1988	<100
B/LISBON/3/1996|1996	B/LISBON/3/1996|1996	1996	B/Sichuan/379/1999|1999	B/Sichuan/379/1999|1999	1999	725
B/LISBON/3/1996|1996	B/LISBON/3/1996|1996	1996	B/Florida/4/2006|2006	B/Florida/4/2006|2006	2006	108
B/LISBON/3/1996|1996	B/LISBON/3/1996|1996	1996	B/Phuket/3073/2013|2013-11-21	B/Phuket/3073/2013|2013-11-21	2013.88767123288	<100
B/CANBERRA/5/1997|1997	B/CANBERRA/5/1997|1997	1997	B/Lee/1940|1940	B/Lee/1940|1940	1940	<100
B/CANBERRA/5/1997|1997	B/CANBERRA/5/1997|1997	1997	B/Allen/1945|1945	B/Allen/1945|1945	1945	<100
B/CANBERRA/5/1997|1997	B/CANBERRA/5/1997|1997	1997	B/GL/1739/1954|1954	B/GL/1739/1954|1954	1954	<100
B/CANBERRA/5/1997|1997	B/CANBERRA/5/1997|1997	1997	B/Mass/3/1966|1966	B/Mass/3/1966|1966	1966	<100
B/CANBERRA/5/1997|1997	B/CANBERRA/5/1997|1997	1997	B/Hong_Kong/5/1972|1972	B/Hong_Kong/5/1972|1972	1972	842
B/CANBERRA/5/1997|1997	B/CANBERRA/5/1997|1997	1997	B/Victoria/2/1987|1987	B/Victoria/2/1987|1987	1987	2608
B/CANBERRA/5/1997|1997	B/CANBERRA/5/1997|1997	1997	B/Malaysia/2506/2004|2004	B/Malaysia/2506/2004|2004	2004	247
B/CANBERRA/5/1997|1997	B/CANBERRA/5/1997|1997	1997	B/Brisbane/60/2008|2008-04-08	B/Brisbane/60/2008|2008-04-08	2008.26775956284	40
B/CANBERRA/5/1997|1997	B/CANBERRA/5/1997|1997	1997	B/Austria/1359417/2021|2021-01-09	B/Austria/1359417/2021|2021-01-09	2021.02191780822	<100
B/CANBERRA/5/1997|1997	B/CANBERRA/5/1997|1997	1997	B/Colorado/6/2017|2017-02-25	B/Colorado/6/2017|2017-02-25	2017.15068493151	120
B/CANBERRA/5/1997|1997	B/CANBERRA/5/1997|1997	1997	B/Yamagata/16/1988|1988	B/Yamagata/16/1988|1988	1988	<100
B/CANBERRA/5/1997|1997	B/CANBERRA/5/1997|1997	1997	B/Sichuan/379/1999|1999	B/Sichuan/379/1999|1999	1999	491
B/CANBERRA/5/1997|1997	B/CANBERRA/5/1997|1997	1997	B/Florida/4/2006|2006	B/Florida/4/2006|2006	2006	<100
B/CANBERRA/5/1997|1997	B/CANBERRA/5/1997|1997	1997	B/Phuket/3073/2013|2013-11-21	B/Phuket/3073/2013|2013-11-21	2013.88767123288	<100
B/SINGAPORE/21/1998|1998	B/SINGAPORE/21/1998|1998	1998	B/Lee/1940|1940	B/Lee/1940|1940	1940	510
B/SINGAPORE/21/1998|1998	B/SINGAPORE/21/1998|1998	1998	B/Allen/1945|1945	B/Allen/1945|1945	1945	414
B/SINGAPORE/21/1998|1998	B/SINGAPORE/21/1998|1998	1998	B/GL/1739/1954|1954	B/GL/1739/1954|1954	1954	<100
B/SINGAPORE/21/1998|1998	B/SINGAPORE/21/1998|1998	1998	B/Mass/3/1966|1966	B/Mass/3/1966|1966	1966	<100
B/SINGAPORE/21/1998|1998	B/SINGAPORE/21/1998|1998	1998	B/Hong_Kong/5/1972|1972	B/Hong_Kong/5/1972|1972	1972	1072
B/SINGAPORE/21/1998|1998	B/SINGAPORE/21/1998|1998	1998	B/Victoria/2/1987|1987	B/Victoria/2/1987|1987	1987	739
B/SINGAPORE/21/1998|1998	B/SINGAPORE/21/1998|1998	1998	B/Malaysia/2506/2004|2004	B/Malaysia/2506/2004|2004	2004	167
B/SINGAPORE/21/1998|1998	B/SINGAPORE/21/1998|1998	1998	B/Brisbane/60/2008|2008-04-08	B/Brisbane/60/2008|2008-04-08	2008.26775956284	<100
B/SINGAPORE/21/1998|1998	B/SINGAPORE/21/1998|1998	1998	B/Austria/1359417/2021|2021-01-09	B/Austria/1359417/2021|2021-01-09	2021.02191780822	220
B/SINGAPORE/21/1998|1998	B/SINGAPORE/21/1998|1998	1998	B/Colorado/6/2017|2017-02-25	B/Colorado/6/2017|2017-02-25	2017.15068493151	<100
B/SINGAPORE/21/1998|1998	B/SINGAPORE/21/1998|1998	1998	B/Yamagata/16/1988|1988	B/Yamagata/16/1988|1988	1988	168
B/SINGAPORE/21/1998|1998	B/SINGAPORE/21/1998|1998	1998	B/Sichuan/379/1999|1999	B/Sichuan/379/1999|1999	1999	601
B/SINGAPORE/21/1998|1998	B/SINGAPORE/21/1998|1998	1998	B/Florida/4/2006|2006	B/Florida/4/2006|2006	2006	<100
B/SINGAPORE/21/1998|1998	B/SINGAPORE/21/1998|1998	1998	B/Phuket/3073/2013|2013-11-21	B/Phuket/3073/2013|2013-11-21	2013.88767123288	<100
B/Victoria/504/2000|2000-08-03	B/Victoria/504/2000|2000-08-03	2000.58743169399	B/Lee/1940|1940	B/Lee/1940|1940	1940	<100
B/Victoria/504/2000|2000-08-03	B/Victoria/504/2000|2000-08-03	2000.58743169399	B/Allen/1945|1945	B/Allen/1945|1945	1945	<100
B/Victoria/504/2000|2000-08-03	B/Victoria/504/2000|2000-08-03	2000.58743169399	B/GL/1739/1954|1954	B/GL/1739/1954|1954	1954	<100
B/Victoria/504/2000|2000-08-03	B/Victoria/504/2000|2000-08-03	2000.58743169399	B/Mass/3/1966|1966	B/Mass/3/1966|1966	1966	<100
B/Victoria/504/2000|2000-08-03	B/Victoria/504/2000|2000-08-03	2000.58743169399	B/Hong_Kong/5/1972|1972	B/Hong_Kong/5/1972|1972	1972	<100
B/Victoria/504/2000|2000-08-03	B/Victoria/504/2000|2000-08-03	2000.58743169399	B/Victoria/2/1987|1987	B/Victoria/2/1987|1987	1987	471
B/Victoria/504/2000|2000-08-03	B/Victoria/504/2000|2000-08-03	2000.58743169399	B/Malaysia/2506/2004|2004	B/Malaysia/2506/2004|2004	2004	183
B/Victoria/504/2000|2000-08-03	B/Victoria/504/2000|2000-08-03	2000.58743169399	B/Brisbane/60/2008|2008-04-08	B/Brisbane/60/2008|2008-04-08	2008.26775956284	<100
B/Victoria/504/2000|2000-08-03	B/Victoria/504/2000|2000-08-03	2000.58743169399	B/Austria/1359417/2021|2021-01-09	B/Austria/1359417/2021|2021-01-09	2021.02191780822	<100
B/Victoria/504/2000|2000-08-03	B/Victoria/504/2000|2000-08-03	2000.58743169399	B/Colorado/6/2017|2017-02-25	B/Colorado/6/2017|2017-02-25	2017.15068493151	62
B/Victoria/504/2000|2000-08-03	B/Victoria/504/2000|2000-08-03	2000.58743169399	B/Yamagata/16/1988|1988	B/Yamagata/16/1988|1988	1988	<100
B/Victoria/504/2000|2000-08-03	B/Victoria/504/2000|2000-08-03	2000.58743169399	B/Sichuan/379/1999|1999	B/Sichuan/379/1999|1999	1999	185
B/Victoria/504/2000|2000-08-03	B/Victoria/504/2000|2000-08-03	2000.58743169399	B/Florida/4/2006|2006	B/Florida/4/2006|2006	2006	<100
B/Victoria/504/2000|2000-08-03	B/Victoria/504/2000|2000-08-03	2000.58743169399	B/Phuket/3073/2013|2013-11-21	B/Phuket/3073/2013|2013-11-21	2013.88767123288	<100
B/Sydney/201/2002|2002-03-27	B/Sydney/201/2002|2002-03-27	2002.23287671233	B/Lee/1940|1940	B/Lee/1940|1940	1940	629
B/Sydney/201/2002|2002-03-27	B/Sydney/201/2002|2002-03-27	2002.23287671233	B/Allen/1945|1945	B/Allen/1945|1945	1945	486
B/Sydney/201/2002|2002-03-27	B/Sydney/201/2002|2002-03-27	2002.23287671233	B/GL/1739/1954|1954	B/GL/1739/1954|1954	1954	468
B/Sydney/201/2002|2002-03-27	B/Sydney/201/2002|2002-03-27	2002.23287671233	B/Mass/3/1966|1966	B/Mass/3/1966|1966	1966	1043
B/Sydney/201/2002|2002-03-27	B/Sydney/201/2002|2002-03-27	2002.23287671233	B/Hong_Kong/5/1972|1972	B/Hong_Kong/5/1972|1972	1972	4659
B/Sydney/201/2002|2002-03-27	B/Sydney/201/2002|2002-03-27	2002.23287671233	B/Victoria/2/1987|1987	B/Victoria/2/1987|1987	1987	2583
B/Sydney/201/2002|2002-03-27	B/Sydney/201/2002|2002-03-27	2002.23287671233	B/Malaysia/2506/2004|2004	B/Malaysia/2506/2004|2004	2004	729
B/Sydney/201/2002|2002-03-27	B/Sydney/201/2002|2002-03-27	2002.23287671233	B/Brisbane/60/2008|2008-04-08	B/Brisbane/60/2008|2008-04-08	2008.26775956284	294
B/Sydney/201/2002|2002-03-27	B/Sydney/201/2002|2002-03-27	2002.23287671233	B/Austria/1359417/2021|2021-01-09	B/Austria/1359417/2021|2021-01-09	2021.02191780822	724
B/Sydney/201/2002|2002-03-27	B/Sydney/201/2002|2002-03-27	2002.23287671233	B/Colorado/6/2017|2017-02-25	B/Colorado/6/2017|2017-02-25	2017.15068493151	898
B/Sydney/201/2002|2002-03-27	B/Sydney/201/2002|2002-03-27	2002.23287671233	B/Yamagata/16/1988|1988	B/Yamagata/16/1988|1988	1988	356
B/Sydney/201/2002|2002-03-27	B/Sydney/201/2002|2002-03-27	2002.23287671233	B/Sichuan/379/1999|1999	B/Sichuan/379/1999|1999	1999	2691
B/Sydney/201/2002|2002-03-27	B/Sydney/201/2002|2002-03-27	2002.23287671233	B/Florida/4/2006|2006	B/Florida/4/2006|2006	2006	344
B/Sydney/201/2002|2002-03-27	B/Sydney/201/2002|2002-03-27	2002.23287671233	B/Phuket/3073/2013|2013-11-21	B/Phuket/3073/2013|2013-11-21	2013.88767123288	152
B/Victoria/500/2003|2003-03-08	B/Victoria/500/2003|2003-03-08	2003.18082191781	B/Lee/1940|1940	B/Lee/1940|1940	1940	271
B/Victoria/500/2003|2003-03-08	B/Victoria/500/2003|2003-03-08	2003.18082191781	B/Allen/1945|1945	B/Allen/1945|1945	1945	198
B/Victoria/500/2003|2003-03-08	B/Victoria/500/2003|2003-03-08	2003.18082191781	B/GL/1739/1954|1954	B/GL/1739/1954|1954	1954	385
B/Victoria/500/2003|2003-03-08	B/Victoria/500/2003|2003-03-08	2003.18082191781	B/Mass/3/1966|1966	B/Mass/3/1966|1966	1966	<100
B/Victoria/500/2003|2003-03-08	B/Victoria/500/2003|2003-03-08	2003.18082191781	B/Hong_Kong/5/1972|1972	B/Hong_Kong/5/1972|1972	1972	4685
B/Victoria/500/2003|2003-03-08	B/Victoria/500/2003|2003-03-08	2003.18082191781	B/Victoria/2/1987|1987	B/Victoria/2/1987|1987	1987	3629
B/Victoria/500/2003|2003-03-08	B/Victoria/500/2003|2003-03-08	2003.18082191781	B/Malaysia/2506/2004|2004	B/Malaysia/2506/2004|2004	2004	531
B/Victoria/500/2003|2003-03-08	B/Victoria/500/2003|2003-03-08	2003.18082191781	B/Brisbane/60/2008|2008-04-08	B/Brisbane/60/2008|2008-04-08	2008.26775956284	664
B/Victoria/500/2003|2003-03-08	B/Victoria/500/2003|2003-03-08	2003.18082191781	B/Austria/1359417/2021|2021-01-09	B/Austria/1359417/2021|2021-01-09	2021.02191780822	1415
B/Victoria/500/2003|2003-03-08	B/Victoria/500/2003|2003-03-08	2003.18082191781	B/Colorado/6/2017|2017-02-25	B/Colorado/6/2017|2017-02-25	2017.15068493151	2890
B/Victoria/500/2003|2003-03-08	B/Victoria/500/2003|2003-03-08	2003.18082191781	B/Yamagata/16/1988|1988	B/Yamagata/16/1988|1988	1988	619
B/Victoria/500/2003|2003-03-08	B/Victoria/500/2003|2003-03-08	2003.18082191781	B/Sichuan/379/1999|1999	B/Sichuan/379/1999|1999	1999	3779
B/Victoria/500/2003|2003-03-08	B/Victoria/500/2003|2003-03-08	2003.18082191781	B/Florida/4/2006|2006	B/Florida/4/2006|2006	2006	633
B/Victoria/500/2003|2003-03-08	B/Victoria/500/2003|2003-03-08	2003.18082191781	B/Phuket/3073/2013|2013-11-21	B/Phuket/3073/2013|2013-11-21	2013.88767123288	552
B/Christchurch/241/2004|2004-01-07	B/Christchurch/241/2004|2004-01-07	2004.01639344262	B/Lee/1940|1940	B/Lee/1940|1940	1940	110
B/Christchurch/241/2004|2004-01-07	B/Christchurch/241/2004|2004-01-07	2004.01639344262	B/Allen/1945|1945	B/Allen/1945|1945	1945	<100
B/Christchurch/241/2004|2004-01-07	B/Christchurch/241/2004|2004-01-07	2004.01639344262	B/GL/1739/1954|1954	B/GL/1739/1954|1954	1954	<100
B/Christchurch/241/2004|2004-01-07	B/Christchurch/241/2004|2004-01-07	2004.01639344262	B/Mass/3/1966|1966	B/Mass/3/1966|1966	1966	151
B/Christchurch/241/2004|2004-01-07	B/Christchurch/241/2004|2004-01-07	2004.01639344262	B/Hong_Kong/5/1972|1972	B/Hong_Kong/5/1972|1972	1972	2340
B/Christchurch/241/2004|2004-01-07	B/Christchurch/241/2004|2004-01-07	2004.01639344262	B/Victoria/2/1987|1987	B/Victoria/2/1987|1987	1987	1481
B/Christchurch/241/2004|2004-01-07	B/Christchurch/241/2004|2004-01-07	2004.01639344262	B/Malaysia/2506/2004|2004	B/Malaysia/2506/2004|2004	2004	621
B/Christchurch/241/2004|2004-01-07	B/Christchurch/241/2004|2004-01-07	2004.01639344262	B/Brisbane/60/2008|2008-04-08	B/Brisbane/60/2008|2008-04-08	2008.26775956284	311
B/Christchurch/241/2004|2004-01-07	B/Christchurch/241/2004|2004-01-07	2004.01639344262	B/Austria/1359417/2021|2021-01-09	B/Austria/1359417/2021|2021-01-09	2021.02191780822	102
B/Christchurch/241/2004|2004-01-07	B/Christchurch/241/2004|2004-01-07	2004.01639344262	B/Colorado/6/2017|2017-02-25	B/Colorado/6/2017|2017-02-25	2017.15068493151	776
B/Christchurch/241/2004|2004-01-07	B/Christchurch/241/2004|2004-01-07	2004.01639344262	B/Yamagata/16/1988|1988	B/Yamagata/16/1988|1988	1988	<100
B/Christchurch/241/2004|2004-01-07	B/Christchurch/241/2004|2004-01-07	2004.01639344262	B/Sichuan/379/1999|1999	B/Sichuan/379/1999|1999	1999	2638
B/Christchurch/241/2004|2004-01-07	B/Christchurch/241/2004|2004-01-07	2004.01639344262	B/Florida/4/2006|2006	B/Florida/4/2006|2006	2006	257
B/Christchurch/241/2004|2004-01-07	B/Christchurch/241/2004|2004-01-07	2004.01639344262	B/Phuket/3073/2013|2013-11-21	B/Phuket/3073/2013|2013-11-21	2013.88767123288	67
B/Victoria/102/2005|2005-01-06	B/Victoria/102/2005|2005-01-06	2005.01369863014	B/Lee/1940|1940	B/Lee/1940|1940	1940	<100
B/Victoria/102/2005|2005-01-06	B/Victoria/102/2005|2005-01-06	2005.01369863014	B/Allen/1945|1945	B/Allen/1945|1945	1945	<100
B/Victoria/102/2005|2005-01-06	B/Victoria/102/2005|2005-01-06	2005.01369863014	B/GL/1739/1954|1954	B/GL/1739/1954|1954	1954	<100
B/Victoria/102/2005|2005-01-06	B/Victoria/102/2005|2005-01-06	2005.01369863014	B/Mass/3/1966|1966	B/Mass/3/1966|1966	1966	<100
B/Victoria/102/2005|2005-01-06	B/Victoria/102/2005|2005-01-06	2005.01369863014	B/Hong_Kong/5/1972|1972	B/Hong_Kong/5/1972|1972	1972	297
B/Victoria/102/2005|2005-01-06	B/Victoria/102/2005|2005-01-06	2005.01369863014	B/Victoria/2/1987|1987	B/Victoria/2/1987|1987	1987	380
B/Victoria/102/2005|2005-01-06	B/Victoria/102/2005|2005-01-06	2005.01369863014	B/Malaysia/2506/2004|2004	B/Malaysia/2506/2004|2004	2004	<100
B/Victoria/102/2005|2005-01-06	B/Victoria/102/2005|2005-01-06	2005.01369863014	B/Brisbane/60/2008|2008-04-08	B/Brisbane/60/2008|2008-04-08	2008.26775956284	101
B/Victoria/102/2005|2005-01-06	B/Victoria/102/2005|2005-01-06	2005.01369863014	B/Austria/1359417/2021|2021-01-09	B/Austria/1359417/2021|2021-01-09	2021.02191780822	<100
B/Victoria/102/2005|2005-01-06	B/Victoria/102/2005|2005-01-06	2005.01369863014	B/Colorado/6/2017|2017-02-25	B/Colorado/6/2017|2017-02-25	2017.15068493151	153
B/Victoria/102/2005|2005-01-06	B/Victoria/102/2005|2005-01-06	2005.01369863014	B/Yamagata/16/1988|1988	B/Yamagata/16/1988|1988	1988	<100
B/Victoria/102/2005|2005-01-06	B/Victoria/102/2005|2005-01-06	2005.01369863014	B/Sichuan/379/1999|1999	B/Sichuan/379/1999|1999	1999	343
B/Victoria/102/2005|2005-01-06	B/Victoria/102/2005|2005-01-06	2005.01369863014	B/Florida/4/2006|2006	B/Florida/4/2006|2006	2006	<100
B/Victoria/102/2005|2005-01-06	B/Victoria/102/2005|2005-01-06	2005.01369863014	B/Phuket/3073/2013|2013-11-21	B/Phuket/3073/2013|2013-11-21	2013.88767123288	<100
B/Auckland/1/2008|2008-03-27	B/Auckland/1/2008|2008-03-27	2008.2349726776	B/Lee/1940|1940	B/Lee/1940|1940	1940	<100
B/Auckland/1/2008|2008-03-27	B/Auckland/1/2008|2008-03-27	2008.2349726776	B/Allen/1945|1945	B/Allen/1945|1945	1945	<100
B/Auckland/1/2008|2008-03-27	B/Auckland/1/2008|2008-03-27	2008.2349726776	B/GL/1739/1954|1954	B/GL/1739/1954|1954	1954	72
B/Auckland/1/2008|2008-03-27	B/Auckland/1/2008|2008-03-27	2008.2349726776	B/Mass/3/1966|1966	B/Mass/3/1966|1966	1966	<100
B/Auckland/1/2008|2008-03-27	B/Auckland/1/2008|2008-03-27	2008.2349726776	B/Hong_Kong/5/1972|1972	B/Hong_Kong/5/1972|1972	1972	1753
B/Auckland/1/2008|2008-03-27	B/Auckland/1/2008|2008-03-27	2008.2349726776	B/Victoria/2/1987|1987	B/Victoria/2/1987|1987	1987	1709
B/Auckland/1/2008|2008-03-27	B/Auckland/1/2008|2008-03-27	2008.2349726776	B/Malaysia/2506/2004|2004	B/Malaysia/2506/2004|2004	2004	265
B/Auckland/1/2008|2008-03-27	B/Auckland/1/2008|2008-03-27	2008.2349726776	B/Brisbane/60/2008|2008-04-08	B/Brisbane/60/2008|2008-04-08	2008.26775956284	466
B/Auckland/1/2008|2008-03-27	B/Auckland/1/2008|2008-03-27	2008.2349726776	B/Austria/1359417/2021|2021-01-09	B/Austria/1359417/2021|2021-01-09	2021.02191780822	110
B/Auckland/1/2008|2008-03-27	B/Auckland/1/2008|2008-03-27	2008.2349726776	B/Colorado/6/2017|2017-02-25	B/Colorado/6/2017|2017-02-25	2017.15068493151	614
B/Auckland/1/2008|2008-03-27	B/Auckland/1/2008|2008-03-27	2008.2349726776	B/Yamagata/16/1988|1988	B/Yamagata/16/1988|1988	1988	<100
B/Auckland/1/2008|2008-03-27	B/Auckland/1/2008|2008-03-27	2008.2349726776	B/Sichuan/379/1999|1999	B/Sichuan/379/1999|1999	1999	515
B/Auckland/1/2008|2008-03-27	B/Auckland/1/2008|2008-03-27	2008.2349726776	B/Florida/4/2006|2006	B/Florida/4/2006|2006	2006	200
B/Auckland/1/2008|2008-03-27	B/Auckland/1/2008|2008-03-27	2008.2349726776	B/Phuket/3073/2013|2013-11-21	B/Phuket/3073/2013|2013-11-21	2013.88767123288	252
B/Hubei-Wujiagang/158/2009|2009	B/Hubei-Wujiagang/158/2009|2009	2009	B/Lee/1940|1940	B/Lee/1940|1940	1940	<100
B/Hubei-Wujiagang/158/2009|2009	B/Hubei-Wujiagang/158/2009|2009	2009	B/Allen/1945|1945	B/Allen/1945|1945	1945	<100
B/Hubei-Wujiagang/158/2009|2009	B/Hubei-Wujiagang/158/2009|2009	2009	B/GL/1739/1954|1954	B/GL/1739/1954|1954	1954	<100
B/Hubei-Wujiagang/158/2009|2009	B/Hubei-Wujiagang/158/2009|2009	2009	B/Mass/3/1966|1966	B/Mass/3/1966|1966	1966	<100
B/Hubei-Wujiagang/158/2009|2009	B/Hubei-Wujiagang/158/2009|2009	2009	B/Hong_Kong/5/1972|1972	B/Hong_Kong/5/1972|1972	1972	109
B/Hubei-Wujiagang/158/2009|2009	B/Hubei-Wujiagang/158/2009|2009	2009	B/Victoria/2/1987|1987	B/Victoria/2/1987|1987	1987	274
B/Hubei-Wujiagang/158/2009|2009	B/Hubei-Wujiagang/158/2009|2009	2009	B/Malaysia/2506/2004|2004	B/Malaysia/2506/2004|2004	2004	<100
B/Hubei-Wujiagang/158/2009|2009	B/Hubei-Wujiagang/158/2009|2009	2009	B/Brisbane/60/2008|2008-04-08	B/Brisbane/60/2008|2008-04-08	2008.26775956284	<100
B/Hubei-Wujiagang/158/2009|2009	B/Hubei-Wujiagang/158/2009|2009	2009	B/Austria/1359417/2021|2021-01-09	B/Austria/1359417/2021|2021-01-09	2021.02191780822	<100
B/Hubei-Wujiagang/158/2009|2009	B/Hubei-Wujiagang/158/2009|2009	2009	B/Colorado/6/2017|2017-02-25	B/Colorado/6/2017|2017-02-25	2017.15068493151	<100
B/Hubei-Wujiagang/158/2009|2009	B/Hubei-Wujiagang/158/2009|2009	2009	B/Yamagata/16/1988|1988	B/Yamagata/16/1988|1988	1988	<100
B/Hubei-Wujiagang/158/2009|2009	B/Hubei-Wujiagang/158/2009|2009	2009	B/Sichuan/379/1999|1999	B/Sichuan/379/1999|1999	1999	109
B/Hubei-Wujiagang/158/2009|2009	B/Hubei-Wujiagang/158/2009|2009	2009	B/Florida/4/2006|2006	B/Florida/4/2006|2006	2006	<100
B/Hubei-Wujiagang/158/2009|2009	B/Hubei-Wujiagang/158/2009|2009	2009	B/Phuket/3073/2013|2013-11-21	B/Phuket/3073/2013|2013-11-21	2013.88767123288	<100
B/Brisbane/9/2014|2014	B/Brisbane/9/2014|2014	2014	B/Lee/1940|1940	B/Lee/1940|1940	1940	507
B/Brisbane/9/2014|2014	B/Brisbane/9/2014|2014	2014	B/Allen/1945|1945	B/Allen/1945|1945	1945	408
B/Brisbane/9/2014|2014	B/Brisbane/9/2014|2014	2014	B/GL/1739/1954|1954	B/GL/1739/1954|1954	1954	<100
B/Brisbane/9/2014|2014	B/Brisbane/9/2014|2014	2014	B/Mass/3/1966|1966	B/Mass/3/1966|1966	1966	<100
B/Brisbane/9/2014|2014	B/Brisbane/9/2014|2014	2014	B/Hong_Kong/5/1972|1972	B/Hong_Kong/5/1972|1972	1972	3194
B/Brisbane/9/2014|2014	B/Brisbane/9/2014|2014	2014	B/Victoria/2/1987|1987	B/Victoria/2/1987|1987	1987	1134
B/Brisbane/9/2014|2014	B/Brisbane/9/2014|2014	2014	B/Malaysia/2506/2004|2004	B/Malaysia/2506/2004|2004	2004	344
B/Brisbane/9/2014|2014	B/Brisbane/9/2014|2014	2014	B/Brisbane/60/2008|2008-04-08	B/Brisbane/60/2008|2008-04-08	2008.26775956284	238
B/Brisbane/9/2014|2014	B/Brisbane/9/2014|2014	2014	B/Austria/1359417/2021|2021-01-09	B/Austria/1359417/2021|2021-01-09	2021.02191780822	466
B/Brisbane/9/2014|2014	B/Brisbane/9/2014|2014	2014	B/Colorado/6/2017|2017-02-25	B/Colorado/6/2017|2017-02-25	2017.15068493151	518
B/Brisbane/9/2014|2014	B/Brisbane/9/2014|2014	2014	B/Yamagata/16/1988|1988	B/Yamagata/16/1988|1988	1988	<100
B/Brisbane/9/2014|2014	B/Brisbane/9/2014|2014	2014	B/Sichuan/379/1999|1999	B/Sichuan/379/1999|1999	1999	571
B/Brisbane/9/2014|2014	B/Brisbane/9/2014|2014	2014	B/Florida/4/2006|2006	B/Florida/4/2006|2006	2006	120
B/Brisbane/9/2014|2014	B/Brisbane/9/2014|2014	2014	B/Phuket/3073/2013|2013-11-21	B/Phuket/3073/2013|2013-11-21	2013.88767123288	557
B/Victoria/845/2015|2015-08-01	B/Victoria/845/2015|2015-08-01	2015.58082191781	B/Lee/1940|1940	B/Lee/1940|1940	1940	1066
B/Victoria/845/2015|2015-08-01	B/Victoria/845/2015|2015-08-01	2015.58082191781	B/Allen/1945|1945	B/Allen/1945|1945	1945	830
B/Victoria/845/2015|2015-08-01	B/Victoria/845/2015|2015-08-01	2015.58082191781	B/GL/1739/1954|1954	B/GL/1739/1954|1954	1954	2966
B/Victoria/845/2015|2015-08-01	B/Victoria/845/2015|2015-08-01	2015.58082191781	B/Mass/3/1966|1966	B/Mass/3/1966|1966	1966	244
B/Victoria/845/2015|2015-08-01	B/Victoria/845/2015|2015-08-01	2015.58082191781	B/Hong_Kong/5/1972|1972	B/Hong_Kong/5/1972|1972	1972	24680
B/Victoria/845/2015|2015-08-01	B/Victoria/845/2015|2015-08-01	2015.58082191781	B/Victoria/2/1987|1987	B/Victoria/2/1987|1987	1987	6798
B/Victoria/845/2015|2015-08-01	B/Victoria/845/2015|2015-08-01	2015.58082191781	B/Malaysia/2506/2004|2004	B/Malaysia/2506/2004|2004	2004	2374
B/Victoria/845/2015|2015-08-01	B/Victoria/845/2015|2015-08-01	2015.58082191781	B/Brisbane/60/2008|2008-04-08	B/Brisbane/60/2008|2008-04-08	2008.26775956284	1602
B/Victoria/845/2015|2015-08-01	B/Victoria/845/2015|2015-08-01	2015.58082191781	B/Austria/1359417/2021|2021-01-09	B/Austria/1359417/2021|2021-01-09	2021.02191780822	844
B/Victoria/845/2015|2015-08-01	B/Victoria/845/2015|2015-08-01	2015.58082191781	B/Colorado/6/2017|2017-02-25	B/Colorado/6/2017|2017-02-25	2017.15068493151	2316
B/Victoria/845/2015|2015-08-01	B/Victoria/845/2015|2015-08-01	2015.58082191781	B/Yamagata/16/1988|1988	B/Yamagata/16/1988|1988	1988	<100
B/Victoria/845/2015|2015-08-01	B/Victoria/845/2015|2015-08-01	2015.58082191781	B/Sichuan/379/1999|1999	B/Sichuan/379/1999|1999	1999	2393
B/Victoria/845/2015|2015-08-01	B/Victoria/845/2015|2015-08-01	2015.58082191781	B/Florida/4/2006|2006	B/Florida/4/2006|2006	2006	630
B/Victoria/845/2015|2015-08-01	B/Victoria/845/2015|2015-08-01	2015.58082191781	B/Phuket/3073/2013|2013-11-21	B/Phuket/3073/2013|2013-11-21	2013.88767123288	1629
B/Victoria/505/2016|2016-08-15	B/Victoria/505/2016|2016-08-15	2016.62021857923	B/Lee/1940|1940	B/Lee/1940|1940	1940	554
B/Victoria/505/2016|2016-08-15	B/Victoria/505/2016|2016-08-15	2016.62021857923	B/Allen/1945|1945	B/Allen/1945|1945	1945	368
B/Victoria/505/2016|2016-08-15	B/Victoria/505/2016|2016-08-15	2016.62021857923	B/GL/1739/1954|1954	B/GL/1739/1954|1954	1954	778
B/Victoria/505/2016|2016-08-15	B/Victoria/505/2016|2016-08-15	2016.62021857923	B/Mass/3/1966|1966	B/Mass/3/1966|1966	1966	772
B/Victoria/505/2016|2016-08-15	B/Victoria/505/2016|2016-08-15	2016.62021857923	B/Hong_Kong/5/1972|1972	B/Hong_Kong/5/1972|1972	1972	4576
B/Victoria/505/2016|2016-08-15	B/Victoria/505/2016|2016-08-15	2016.62021857923	B/Victoria/2/1987|1987	B/Victoria/2/1987|1987	1987	1377
B/Victoria/505/2016|2016-08-15	B/Victoria/505/2016|2016-08-15	2016.62021857923	B/Malaysia/2506/2004|2004	B/Malaysia/2506/2004|2004	2004	<100
B/Victoria/505/2016|2016-08-15	B/Victoria/505/2016|2016-08-15	2016.62021857923	B/Brisbane/60/2008|2008-04-08	B/Brisbane/60/2008|2008-04-08	2008.26775956284	260
B/Victoria/505/2016|2016-08-15	B/Victoria/505/2016|2016-08-15	2016.62021857923	B/Austria/1359417/2021|2021-01-09	B/Austria/1359417/2021|2021-01-09	2021.02191780822	509
B/Victoria/505/2016|2016-08-15	B/Victoria/505/2016|2016-08-15	2016.62021857923	B/Colorado/6/2017|2017-02-25	B/Colorado/6/2017|2017-02-25	2017.15068493151	583
B/Victoria/505/2016|2016-08-15	B/Victoria/505/2016|2016-08-15	2016.62021857923	B/Yamagata/16/1988|1988	B/Yamagata/16/1988|1988	1988	46
B/Victoria/505/2016|2016-08-15	B/Victoria/505/2016|2016-08-15	2016.62021857923	B/Sichuan/379/1999|1999	B/Sichuan/379/1999|1999	1999	612
B/Victoria/505/2016|2016-08-15	B/Victoria/505/2016|2016-08-15	2016.62021857923	B/Florida/4/2006|2006	B/Florida/4/2006|2006	2006	<100
B/Victoria/505/2016|2016-08-15	B/Victoria/505/2016|2016-08-15	2016.62021857923	B/Phuket/3073/2013|2013-11-21	B/Phuket/3073/2013|2013-11-21	2013.88767123288	648
B/Sri_Lanka/15/2017|2017-11-28	B/Sri_Lanka/15/2017|2017-11-28	2017.90684931507	B/Lee/1940|1940	B/Lee/1940|1940	1940	12077
B/Sri_Lanka/15/2017|2017-11-28	B/Sri_Lanka/15/2017|2017-11-28	2017.90684931507	B/Allen/1945|1945	B/Allen/1945|1945	1945	10765
B/Sri_Lanka/15/2017|2017-11-28	B/Sri_Lanka/15/2017|2017-11-28	2017.90684931507	B/GL/1739/1954|1954	B/GL/1739/1954|1954	1954	11904
B/Sri_Lanka/15/2017|2017-11-28	B/Sri_Lanka/15/2017|2017-11-28	2017.90684931507	B/Mass/3/1966|1966	B/Mass/3/1966|1966	1966	15352
B/Sri_Lanka/15/2017|2017-11-28	B/Sri_Lanka/15/2017|2017-11-28	2017.90684931507	B/Hong_Kong/5/1972|1972	B/Hong_Kong/5/1972|1972	1972	39625
B/Sri_Lanka/15/2017|2017-11-28	B/Sri_Lanka/15/2017|2017-11-28	2017.90684931507	B/Victoria/2/1987|1987	B/Victoria/2/1987|1987	1987	7802
B/Sri_Lanka/15/2017|2017-11-28	B/Sri_Lanka/15/2017|2017-11-28	2017.90684931507	B/Malaysia/2506/2004|2004	B/Malaysia/2506/2004|2004	2004	2320
B/Sri_Lanka/15/2017|2017-11-28	B/Sri_Lanka/15/2017|2017-11-28	2017.90684931507	B/Brisbane/60/2008|2008-04-08	B/Brisbane/60/2008|2008-04-08	2008.26775956284	1486
B/Sri_Lanka/15/2017|2017-11-28	B/Sri_Lanka/15/2017|2017-11-28	2017.90684931507	B/Austria/1359417/2021|2021-01-09	B/Austria/1359417/2021|2021-01-09	2021.02191780822	11010
B/Sri_Lanka/15/2017|2017-11-28	B/Sri_Lanka/15/2017|2017-11-28	2017.90684931507	B/Colorado/6/2017|2017-02-25	B/Colorado/6/2017|2017-02-25	2017.15068493151	6870
B/Sri_Lanka/15/2017|2017-11-28	B/Sri_Lanka/15/2017|2017-11-28	2017.90684931507	B/Yamagata/16/1988|1988	B/Yamagata/16/1988|1988	1988	5257
B/Sri_Lanka/15/2017|2017-11-28	B/Sri_Lanka/15/2017|2017-11-28	2017.90684931507	B/Sichuan/379/1999|1999	B/Sichuan/379/1999|1999	1999	4058
B/Sri_Lanka/15/2017|2017-11-28	B/Sri_Lanka/15/2017|2017-11-28	2017.90684931507	B/Florida/4/2006|2006	B/Florida/4/2006|2006	2006	786
B/Sri_Lanka/15/2017|2017-11-28	B/Sri_Lanka/15/2017|2017-11-28	2017.90684931507	B/Phuket/3073/2013|2013-11-21	B/Phuket/3073/2013|2013-11-21	2013.88767123288	1931
B/Christchurch/500/2018|2018-08-25	B/Christchurch/500/2018|2018-08-25	2018.64657534247	B/Lee/1940|1940	B/Lee/1940|1940	1940	7924
B/Christchurch/500/2018|2018-08-25	B/Christchurch/500/2018|2018-08-25	2018.64657534247	B/Allen/1945|1945	B/Allen/1945|1945	1945	9172
B/Christchurch/500/2018|2018-08-25	B/Christchurch/500/2018|2018-08-25	2018.64657534247	B/GL/1739/1954|1954	B/GL/1739/1954|1954	1954	12969
B/Christchurch/500/2018|2018-08-25	B/Christchurch/500/2018|2018-08-25	2018.64657534247	B/Mass/3/1966|1966	B/Mass/3/1966|1966	1966	18676
B/Christchurch/500/2018|2018-08-25	B/Christchurch/500/2018|2018-08-25	2018.64657534247	B/Hong_Kong/5/1972|1972	B/Hong_Kong/5/1972|1972	1972	31739
B/Christchurch/500/2018|2018-08-25	B/Christchurch/500/2018|2018-08-25	2018.64657534247	B/Victoria/2/1987|1987	B/Victoria/2/1987|1987	1987	6765
B/Christchurch/500/2018|2018-08-25	B/Christchurch/500/2018|2018-08-25	2018.64657534247	B/Malaysia/2506/2004|2004	B/Malaysia/2506/2004|2004	2004	1935
B/Christchurch/500/2018|2018-08-25	B/Christchurch/500/2018|2018-08-25	2018.64657534247	B/Brisbane/60/2008|2008-04-08	B/Brisbane/60/2008|2008-04-08	2008.26775956284	1786
B/Christchurch/500/2018|2018-08-25	B/Christchurch/500/2018|2018-08-25	2018.64657534247	B/Austria/1359417/2021|2021-01-09	B/Austria/1359417/2021|2021-01-09	2021.02191780822	6546
B/Christchurch/500/2018|2018-08-25	B/Christchurch/500/2018|2018-08-25	2018.64657534247	B/Colorado/6/2017|2017-02-25	B/Colorado/6/2017|2017-02-25	2017.15068493151	4919
B/Christchurch/500/2018|2018-08-25	B/Christchurch/500/2018|2018-08-25	2018.64657534247	B/Yamagata/16/1988|1988	B/Yamagata/16/1988|1988	1988	3058
B/Christchurch/500/2018|2018-08-25	B/Christchurch/500/2018|2018-08-25	2018.64657534247	B/Sichuan/379/1999|1999	B/Sichuan/379/1999|1999	1999	3552
B/Christchurch/500/2018|2018-08-25	B/Christchurch/500/2018|2018-08-25	2018.64657534247	B/Florida/4/2006|2006	B/Florida/4/2006|2006	2006	701
B/Christchurch/500/2018|2018-08-25	B/Christchurch/500/2018|2018-08-25	2018.64657534247	B/Phuket/3073/2013|2013-11-21	B/Phuket/3073/2013|2013-11-21	2013.88767123288	1208
B/Darwin/58/2019|2019-05-07	B/Darwin/58/2019|2019-05-07	2019.34520547945	B/Lee/1940|1940	B/Lee/1940|1940	1940	<100
B/Darwin/58/2019|2019-05-07	B/Darwin/58/2019|2019-05-07	2019.34520547945	B/Allen/1945|1945	B/Allen/1945|1945	1945	<100
B/Darwin/58/2019|2019-05-07	B/Darwin/58/2019|2019-05-07	2019.34520547945	B/GL/1739/1954|1954	B/GL/1739/1954|1954	1954	152
B/Darwin/58/2019|2019-05-07	B/Darwin/58/2019|2019-05-07	2019.34520547945	B/Mass/3/1966|1966	B/Mass/3/1966|1966	1966	<100
B/Darwin/58/2019|2019-05-07	B/Darwin/58/2019|2019-05-07	2019.34520547945	B/Hong_Kong/5/1972|1972	B/Hong_Kong/5/1972|1972	1972	3321
B/Darwin/58/2019|2019-05-07	B/Darwin/58/2019|2019-05-07	2019.34520547945	B/Victoria/2/1987|1987	B/Victoria/2/1987|1987	1987	975
B/Darwin/58/2019|2019-05-07	B/Darwin/58/2019|2019-05-07	2019.34520547945	B/Malaysia/2506/2004|2004	B/Malaysia/2506/2004|2004	2004	215
B/Darwin/58/2019|2019-05-07	B/Darwin/58/2019|2019-05-07	2019.34520547945	B/Brisbane/60/2008|2008-04-08	B/Brisbane/60/2008|2008-04-08	2008.26775956284	260
B/Darwin/58/2019|2019-05-07	B/Darwin/58/2019|2019-05-07	2019.34520547945	B/Austria/1359417/2021|2021-01-09	B/Austria/1359417/2021|2021-01-09	2021.02191780822	84
B/Darwin/58/2019|2019-05-07	B/Darwin/58/2019|2019-05-07	2019.34520547945	B/Colorado/6/2017|2017-02-25	B/Colorado/6/2017|2017-02-25	2017.15068493151	864
B/Darwin/58/2019|2019-05-07	B/Darwin/58/2019|2019-05-07	2019.34520547945	B/Yamagata/16/1988|1988	B/Yamagata/16/1988|1988	1988	<100
B/Darwin/58/2019|2019-05-07	B/Darwin/58/2019|2019-05-07	2019.34520547945	B/Sichuan/379/1999|1999	B/Sichuan/379/1999|1999	1999	527
B/Darwin/58/2019|2019-05-07	B/Darwin/58/2019|2019-05-07	2019.34520547945	B/Florida/4/2006|2006	B/Florida/4/2006|2006	2006	165
B/Darwin/58/2019|2019-05-07	B/Darwin/58/2019|2019-05-07	2019.34520547945	B/Phuket/3073/2013|2013-11-21	B/Phuket/3073/2013|2013-11-21	2013.88767123288	527
B/Victoria/27/2020|2020-03-10	B/Victoria/27/2020|2020-03-10	2020.18852459016	B/Lee/1940|1940	B/Lee/1940|1940	1940	3476
B/Victoria/27/2020|2020-03-10	B/Victoria/27/2020|2020-03-10	2020.18852459016	B/Allen/1945|1945	B/Allen/1945|1945	1945	2923
B/Victoria/27/2020|2020-03-10	B/Victoria/27/2020|2020-03-10	2020.18852459016	B/GL/1739/1954|1954	B/GL/1739/1954|1954	1954	4712
B/Victoria/27/2020|2020-03-10	B/Victoria/27/2020|2020-03-10	2020.18852459016	B/Mass/3/1966|1966	B/Mass/3/1966|1966	1966	6874
B/Victoria/27/2020|2020-03-10	B/Victoria/27/2020|2020-03-10	2020.18852459016	B/Hong_Kong/5/1972|1972	B/Hong_Kong/5/1972|1972	1972	13715
B/Victoria/27/2020|2020-03-10	B/Victoria/27/2020|2020-03-10	2020.18852459016	B/Victoria/2/1987|1987	B/Victoria/2/1987|1987	1987	4895
B/Victoria/27/2020|2020-03-10	B/Victoria/27/2020|2020-03-10	2020.18852459016	B/Malaysia/2506/2004|2004	B/Malaysia/2506/2004|2004	2004	957
B/Victoria/27/2020|2020-03-10	B/Victoria/27/2020|2020-03-10	2020.18852459016	B/Brisbane/60/2008|2008-04-08	B/Brisbane/60/2008|2008-04-08	2008.26775956284	1082
B/Victoria/27/2020|2020-03-10	B/Victoria/27/2020|2020-03-10	2020.18852459016	B/Austria/1359417/2021|2021-01-09	B/Austria/1359417/2021|2021-01-09	2021.02191780822	3086
B/Victoria/27/2020|2020-03-10	B/Victoria/27/2020|2020-03-10	2020.18852459016	B/Colorado/6/2017|2017-02-25	B/Colorado/6/2017|2017-02-25	2017.15068493151	2311
B/Victoria/27/2020|2020-03-10	B/Victoria/27/2020|2020-03-10	2020.18852459016	B/Yamagata/16/1988|1988	B/Yamagata/16/1988|1988	1988	1178
B/Victoria/27/2020|2020-03-10	B/Victoria/27/2020|2020-03-10	2020.18852459016	B/Sichuan/379/1999|1999	B/Sichuan/379/1999|1999	1999	1599
B/Victoria/27/2020|2020-03-10	B/Victoria/27/2020|2020-03-10	2020.18852459016	B/Florida/4/2006|2006	B/Florida/4/2006|2006	2006	365
B/Victoria/27/2020|2020-03-10	B/Victoria/27/2020|2020-03-10	2020.18852459016	B/Phuket/3073/2013|2013-11-21	B/Phuket/3073/2013|2013-11-21	2013.88767123288	1056
B/Lee/1940|1940	B/Lee/1940|1940	1940	B/Lee/1940|1940	B/Lee/1940|1940	1940	3375
B/Lee/1940|1940	B/Lee/1940|1940	1940	B/Allen/1945|1945	B/Allen/1945|1945	1945	88
B/Lee/1940|1940	B/Lee/1940|1940	1940	B/GL/1739/1954|1954	B/GL/1739/1954|1954	1954	81
B/Lee/1940|1940	B/Lee/1940|1940	1940	B/Mass/3/1966|1966	B/Mass/3/1966|1966	1966	61
B/Lee/1940|1940	B/Lee/1940|1940	1940	B/Hong_Kong/5/1972|1972	B/Hong_Kong/5/1972|1972	1972	882
B/Lee/1940|1940	B/Lee/1940|1940	1940	B/Victoria/2/1987|1987	B/Victoria/2/1987|1987	1987	717
B/Lee/1940|1940	B/Lee/1940|1940	1940	B/Malaysia/2506/2004|2004	B/Malaysia/2506/2004|2004	2004	<100
B/Lee/1940|1940	B/Lee/1940|1940	1940	B/Brisbane/60/2008|2008-04-08	B/Brisbane/60/2008|2008-04-08	2008.26775956284	<100
B/Lee/1940|1940	B/Lee/1940|1940	1940	B/Austria/1359417/2021|2021-01-09	B/Austria/1359417/2021|2021-01-09	2021.02191780822	<100
B/Lee/1940|1940	B/Lee/1940|1940	1940	B/Colorado/6/2017|2017-02-25	B/Colorado/6/2017|2017-02-25	2017.15068493151	<100
B/Lee/1940|1940	B/Lee/1940|1940	1940	B/Yamagata/16/1988|1988	B/Yamagata/16/1988|1988	1988	<100
B/Lee/1940|1940	B/Lee/1940|1940	1940	B/Sichuan/379/1999|1999	B/Sichuan/379/1999|1999	1999	<100
B/Lee/1940|1940	B/Lee/1940|1940	1940	B/Florida/4/2006|2006	B/Florida/4/2006|2006	2006	<100
B/Lee/1940|1940	B/Lee/1940|1940	1940	B/Phuket/3073/2013|2013-11-21	B/Phuket/3073/2013|2013-11-21	2013.88767123288	<100
B/Allen/1945|1945	B/Allen/1945|1945	1945	B/Lee/1940|1940	B/Lee/1940|1940	1940	390
B/Allen/1945|1945	B/Allen/1945|1945	1945	B/Allen/1945|1945	B/Allen/1945|1945	1945	5841
B/Allen/1945|1945	B/Allen/1945|1945	1945	B/GL/1739/1954|1954	B/GL/1739/1954|1954	1954	7722
B/Allen/1945|1945	B/Allen/1945|1945	1945	B/Mass/3/1966|1966	B/Mass/3/1966|1966	1966	2346
B/Allen/1945|1945	B/Allen/1945|1945	1945	B/Hong_Kong/5/1972|1972	B/Hong_Kong/5/1972|1972	1972	6433
B/Allen/1945|1945	B/Allen/1945|1945	1945	B/Victoria/2/1987|1987	B/Victoria/2/1987|1987	1987	6222
B/Allen/1945|1945	B/Allen/1945|1945	1945	B/Malaysia/2506/2004|2004	B/Malaysia/2506/2004|2004	2004	248
B/Allen/1945|1945	B/Allen/1945|1945	1945	B/Brisbane/60/2008|2008-04-08	B/Brisbane/60/2008|2008-04-08	2008.26775956284	92
B/Allen/1945|1945	B/Allen/1945|1945	1945	B/Austria/1359417/2021|2021-01-09	B/Austria/1359417/2021|2021-01-09	2021.02191780822	<100
B/Allen/1945|1945	B/Allen/1945|1945	1945	B/Colorado/6/2017|2017-02-25	B/Colorado/6/2017|2017-02-25	2017.15068493151	<100
B/Allen/1945|1945	B/Allen/1945|1945	1945	B/Yamagata/16/1988|1988	B/Yamagata/16/1988|1988	1988	<100
B/Allen/1945|1945	B/Allen/1945|1945	1945	B/Sichuan/379/1999|1999	B/Sichuan/379/1999|1999	1999	1048
B/Allen/1945|1945	B/Allen/1945|1945	1945	B/Florida/4/2006|2006	B/Florida/4/2006|2006	2006	<100
B/Allen/1945|1945	B/Allen/1945|1945	1945	B/Phuket/3073/2013|2013-11-21	B/Phuket/3073/2013|2013-11-21	2013.88767123288	<100
B/Czechoslovakia/1/1949|1949	B/Czechoslovakia/1/1949|1949	1949	B/Lee/1940|1940	B/Lee/1940|1940	1940	<100
B/Czechoslovakia/1/1949|1949	B/Czechoslovakia/1/1949|1949	1949	B/Allen/1945|1945	B/Allen/1945|1945	1945	796
B/Czechoslovakia/1/1949|1949	B/Czechoslovakia/1/1949|1949	1949	B/GL/1739/1954|1954	B/GL/1739/1954|1954	1954	1494
B/Czechoslovakia/1/1949|1949	B/Czechoslovakia/1/1949|1949	1949	B/Mass/3/1966|1966	B/Mass/3/1966|1966	1966	388
B/Czechoslovakia/1/1949|1949	B/Czechoslovakia/1/1949|1949	1949	B/Hong_Kong/5/1972|1972	B/Hong_Kong/5/1972|1972	1972	1046
B/Czechoslovakia/1/1949|1949	B/Czechoslovakia/1/1949|1949	1949	B/Victoria/2/1987|1987	B/Victoria/2/1987|1987	1987	1178
B/Czechoslovakia/1/1949|1949	B/Czechoslovakia/1/1949|1949	1949	B/Malaysia/2506/2004|2004	B/Malaysia/2506/2004|2004	2004	<100
B/Czechoslovakia/1/1949|1949	B/Czechoslovakia/1/1949|1949	1949	B/Brisbane/60/2008|2008-04-08	B/Brisbane/60/2008|2008-04-08	2008.26775956284	<100
B/Czechoslovakia/1/1949|1949	B/Czechoslovakia/1/1949|1949	1949	B/Austria/1359417/2021|2021-01-09	B/Austria/1359417/2021|2021-01-09	2021.02191780822	<100
B/Czechoslovakia/1/1949|1949	B/Czechoslovakia/1/1949|1949	1949	B/Colorado/6/2017|2017-02-25	B/Colorado/6/2017|2017-02-25	2017.15068493151	<100
B/Czechoslovakia/1/1949|1949	B/Czechoslovakia/1/1949|1949	1949	B/Yamagata/16/1988|1988	B/Yamagata/16/1988|1988	1988	<100
B/Czechoslovakia/1/1949|1949	B/Czechoslovakia/1/1949|1949	1949	B/Sichuan/379/1999|1999	B/Sichuan/379/1999|1999	1999	34
B/Czechoslovakia/1/1949|1949	B/Czechoslovakia/1/1949|1949	1949	B/Florida/4/2006|2006	B/Florida/4/2006|2006	2006	<100
B/Czechoslovakia/1/1949|1949	B/Czechoslovakia/1/1949|1949	1949	B/Phuket/3073/2013|2013-11-21	B/Phuket/3073/2013|2013-11-21	2013.88767123288	<100
B/GL/1739/1954|1954	B/GL/1739/1954|1954	1954	B/Lee/1940|1940	B/Lee/1940|1940	1940	117
B/GL/1739/1954|1954	B/GL/1739/1954|1954	1954	B/Allen/1945|1945	B/Allen/1945|1945	1945	2125
B/GL/1739/1954|1954	B/GL/1739/1954|1954	1954	B/GL/1739/1954|1954	B/GL/1739/1954|1954	1954	9169
B/GL/1739/1954|1954	B/GL/1739/1954|1954	1954	B/Mass/3/1966|1966	B/Mass/3/1966|1966	1966	1524
B/GL/1739/1954|1954	B/GL/1739/1954|1954	1954	B/Hong_Kong/5/1972|1972	B/Hong_Kong/5/1972|1972	1972	3172
B/GL/1739/1954|1954	B/GL/1739/1954|1954	1954	B/Victoria/2/1987|1987	B/Victoria/2/1987|1987	1987	5919
B/GL/1739/1954|1954	B/GL/1739/1954|1954	1954	B/Malaysia/2506/2004|2004	B/Malaysia/2506/2004|2004	2004	63
B/GL/1739/1954|1954	B/GL/1739/1954|1954	1954	B/Brisbane/60/2008|2008-04-08	B/Brisbane/60/2008|2008-04-08	2008.26775956284	<100
B/GL/1739/1954|1954	B/GL/1739/1954|1954	1954	B/Austria/1359417/2021|2021-01-09	B/Austria/1359417/2021|2021-01-09	2021.02191780822	<100
B/GL/1739/1954|1954	B/GL/1739/1954|1954	1954	B/Colorado/6/2017|2017-02-25	B/Colorado/6/2017|2017-02-25	2017.15068493151	<100
B/GL/1739/1954|1954	B/GL/1739/1954|1954	1954	B/Yamagata/16/1988|1988	B/Yamagata/16/1988|1988	1988	<100
B/GL/1739/1954|1954	B/GL/1739/1954|1954	1954	B/Sichuan/379/1999|1999	B/Sichuan/379/1999|1999	1999	61
B/GL/1739/1954|1954	B/GL/1739/1954|1954	1954	B/Florida/4/2006|2006	B/Florida/4/2006|2006	2006	<100
B/GL/1739/1954|1954	B/GL/1739/1954|1954	1954	B/Phuket/3073/2013|2013-11-21	B/Phuket/3073/2013|2013-11-21	2013.88767123288	<100
B/Maryland/1/1959|1959	B/Maryland/1/1959|1959	1959	B/Lee/1940|1940	B/Lee/1940|1940	1940	<100
B/Maryland/1/1959|1959	B/Maryland/1/1959|1959	1959	B/Allen/1945|1945	B/Allen/1945|1945	1945	41
B/Maryland/1/1959|1959	B/Maryland/1/1959|1959	1959	B/GL/1739/1954|1954	B/GL/1739/1954|1954	1954	385
B/Maryland/1/1959|1959	B/Maryland/1/1959|1959	1959	B/Mass/3/1966|1966	B/Mass/3/1966|1966	1966	894
B/Maryland/1/1959|1959	B/Maryland/1/1959|1959	1959	B/Hong_Kong/5/1972|1972	B/Hong_Kong/5/1972|1972	1972	427
B/Maryland/1/1959|1959	B/Maryland/1/1959|1959	1959	B/Victoria/2/1987|1987	B/Victoria/2/1987|1987	1987	1274
B/Maryland/1/1959|1959	B/Maryland/1/1959|1959	1959	B/Malaysia/2506/2004|2004	B/Malaysia/2506/2004|2004	2004	<100
B/Maryland/1/1959|1959	B/Maryland/1/1959|1959	1959	B/Brisbane/60/2008|2008-04-08	B/Brisbane/60/2008|2008-04-08	2008.26775956284	<100
B/Maryland/1/1959|1959	B/Maryland/1/1959|1959	1959	B/Austria/1359417/2021|2021-01-09	B/Austria/1359417/2021|2021-01-09	2021.02191780822	<100
B/Maryland/1/1959|1959	B/Maryland/1/1959|1959	1959	B/Colorado/6/2017|2017-02-25	B/Colorado/6/2017|2017-02-25	2017.15068493151	91
B/Maryland/1/1959|1959	B/Maryland/1/1959|1959	1959	B/Yamagata/16/1988|1988	B/Yamagata/16/1988|1988	1988	<100
B/Maryland/1/1959|1959	B/Maryland/1/1959|1959	1959	B/Sichuan/379/1999|1999	B/Sichuan/379/1999|1999	1999	<100
B/Maryland/1/1959|1959	B/Maryland/1/1959|1959	1959	B/Florida/4/2006|2006	B/Florida/4/2006|2006	2006	<100
B/Maryland/1/1959|1959	B/Maryland/1/1959|1959	1959	B/Phuket/3073/2013|2013-11-21	B/Phuket/3073/2013|2013-11-21	2013.88767123288	<100
B/Netherlands/1000/1962|1962	B/Netherlands/1000/1962|1962	1962	B/Lee/1940|1940	B/Lee/1940|1940	1940	<100
B/Netherlands/1000/1962|1962	B/Netherlands/1000/1962|1962	1962	B/Allen/1945|1945	B/Allen/1945|1945	1945	<100
B/Netherlands/1000/1962|1962	B/Netherlands/1000/1962|1962	1962	B/GL/1739/1954|1954	B/GL/1739/1954|1954	1954	274
B/Netherlands/1000/1962|1962	B/Netherlands/1000/1962|1962	1962	B/Mass/3/1966|1966	B/Mass/3/1966|1966	1966	600
B/Netherlands/1000/1962|1962	B/Netherlands/1000/1962|1962	1962	B/Hong_Kong/5/1972|1972	B/Hong_Kong/5/1972|1972	1972	337
B/Netherlands/1000/1962|1962	B/Netherlands/1000/1962|1962	1962	B/Victoria/2/1987|1987	B/Victoria/2/1987|1987	1987	753
B/Netherlands/1000/1962|1962	B/Netherlands/1000/1962|1962	1962	B/Malaysia/2506/2004|2004	B/Malaysia/2506/2004|2004	2004	<100
B/Netherlands/1000/1962|1962	B/Netherlands/1000/1962|1962	1962	B/Brisbane/60/2008|2008-04-08	B/Brisbane/60/2008|2008-04-08	2008.26775956284	<100
B/Netherlands/1000/1962|1962	B/Netherlands/1000/1962|1962	1962	B/Austria/1359417/2021|2021-01-09	B/Austria/1359417/2021|2021-01-09	2021.02191780822	<100
B/Netherlands/1000/1962|1962	B/Netherlands/1000/1962|1962	1962	B/Colorado/6/2017|2017-02-25	B/Colorado/6/2017|2017-02-25	2017.15068493151	<100
B/Netherlands/1000/1962|1962	B/Netherlands/1000/1962|1962	1962	B/Yamagata/16/1988|1988	B/Yamagata/16/1988|1988	1988	<100
B/Netherlands/1000/1962|1962	B/Netherlands/1000/1962|1962	1962	B/Sichuan/379/1999|1999	B/Sichuan/379/1999|1999	1999	<100
B/Netherlands/1000/1962|1962	B/Netherlands/1000/1962|1962	1962	B/Florida/4/2006|2006	B/Florida/4/2006|2006	2006	<100
B/Netherlands/1000/1962|1962	B/Netherlands/1000/1962|1962	1962	B/Phuket/3073/2013|2013-11-21	B/Phuket/3073/2013|2013-11-21	2013.88767123288	<100
B/Mass/3/1966|1966	B/Mass/3/1966|1966	1966	B/Lee/1940|1940	B/Lee/1940|1940	1940	104
B/Mass/3/1966|1966	B/Mass/3/1966|1966	1966	B/Allen/1945|1945	B/Allen/1945|1945	1945	37
B/Mass/3/1966|1966	B/Mass/3/1966|1966	1966	B/GL/1739/1954|1954	B/GL/1739/1954|1954	1954	836
B/Mass/3/1966|1966	B/Mass/3/1966|1966	1966	B/Mass/3/1966|1966	B/Mass/3/1966|1966	1966	3815
B/Mass/3/1966|1966	B/Mass/3/1966|1966	1966	B/Hong_Kong/5/1972|1972	B/Hong_Kong/5/1972|1972	1972	1621
B/Mass/3/1966|1966	B/Mass/3/1966|1966	1966	B/Victoria/2/1987|1987	B/Victoria/2/1987|1987	1987	5391
B/Mass/3/1966|1966	B/Mass/3/1966|1966	1966	B/Malaysia/2506/2004|2004	B/Malaysia/2506/2004|2004	2004	<100
B/Mass/3/1966|1966	B/Mass/3/1966|1966	1966	B/Brisbane/60/2008|2008-04-08	B/Brisbane/60/2008|2008-04-08	2008.26775956284	<100
B/Mass/3/1966|1966	B/Mass/3/1966|1966	1966	B/Austria/1359417/2021|2021-01-09	B/Austria/1359417/2021|2021-01-09	2021.02191780822	<100
B/Mass/3/1966|1966	B/Mass/3/1966|1966	1966	B/Colorado/6/2017|2017-02-25	B/Colorado/6/2017|2017-02-25	2017.15068493151	<100
B/Mass/3/1966|1966	B/Mass/3/1966|1966	1966	B/Yamagata/16/1988|1988	B/Yamagata/16/1988|1988	1988	70
B/Mass/3/1966|1966	B/Mass/3/1966|1966	1966	B/Sichuan/379/1999|1999	B/Sichuan/379/1999|1999	1999	<100
B/Mass/3/1966|1966	B/Mass/3/1966|1966	1966	B/Florida/4/2006|2006	B/Florida/4/2006|2006	2006	<100
B/Mass/3/1966|1966	B/Mass/3/1966|1966	1966	B/Phuket/3073/2013|2013-11-21	B/Phuket/3073/2013|2013-11-21	2013.88767123288	<100
B/Roma/1/1967|1967	B/Roma/1/1967|1967	1967	B/Lee/1940|1940	B/Lee/1940|1940	1940	325
B/Roma/1/1967|1967	B/Roma/1/1967|1967	1967	B/Allen/1945|1945	B/Allen/1945|1945	1945	41
B/Roma/1/1967|1967	B/Roma/1/1967|1967	1967	B/GL/1739/1954|1954	B/GL/1739/1954|1954	1954	1570
B/Roma/1/1967|1967	B/Roma/1/1967|1967	1967	B/Mass/3/1966|1966	B/Mass/3/1966|1966	1966	5577
B/Roma/1/1967|1967	B/Roma/1/1967|1967	1967	B/Hong_Kong/5/1972|1972	B/Hong_Kong/5/1972|1972	1972	3058
B/Roma/1/1967|1967	B/Roma/1/1967|1967	1967	B/Victoria/2/1987|1987	B/Victoria/2/1987|1987	1987	6982
B/Roma/1/1967|1967	B/Roma/1/1967|1967	1967	B/Malaysia/2506/2004|2004	B/Malaysia/2506/2004|2004	2004	54
B/Roma/1/1967|1967	B/Roma/1/1967|1967	1967	B/Brisbane/60/2008|2008-04-08	B/Brisbane/60/2008|2008-04-08	2008.26775956284	<100
B/Roma/1/1967|1967	B/Roma/1/1967|1967	1967	B/Austria/1359417/2021|2021-01-09	B/Austria/1359417/2021|2021-01-09	2021.02191780822	<100
B/Roma/1/1967|1967	B/Roma/1/1967|1967	1967	B/Colorado/6/2017|2017-02-25	B/Colorado/6/2017|2017-02-25	2017.15068493151	217
B/Roma/1/1967|1967	B/Roma/1/1967|1967	1967	B/Yamagata/16/1988|1988	B/Yamagata/16/1988|1988	1988	58
B/Roma/1/1967|1967	B/Roma/1/1967|1967	1967	B/Sichuan/379/1999|1999	B/Sichuan/379/1999|1999	1999	73
B/Roma/1/1967|1967	B/Roma/1/1967|1967	1967	B/Florida/4/2006|2006	B/Florida/4/2006|2006	2006	<100
B/Roma/1/1967|1967	B/Roma/1/1967|1967	1967	B/Phuket/3073/2013|2013-11-21	B/Phuket/3073/2013|2013-11-21	2013.88767123288	<100
B/Netherlands/1000/1971|1971	B/Netherlands/1000/1971|1971	1971	B/Lee/1940|1940	B/Lee/1940|1940	1940	82
B/Netherlands/1000/1971|1971	B/Netherlands/1000/1971|1971	1971	B/Allen/1945|1945	B/Allen/1945|1945	1945	<100
B/Netherlands/1000/1971|1971	B/Netherlands/1000/1971|1971	1971	B/GL/1739/1954|1954	B/GL/1739/1954|1954	1954	295
B/Netherlands/1000/1971|1971	B/Netherlands/1000/1971|1971	1971	B/Mass/3/1966|1966	B/Mass/3/1966|1966	1966	2048
B/Netherlands/1000/1971|1971	B/Netherlands/1000/1971|1971	1971	B/Hong_Kong/5/1972|1972	B/Hong_Kong/5/1972|1972	1972	323
B/Netherlands/1000/1971|1971	B/Netherlands/1000/1971|1971	1971	B/Victoria/2/1987|1987	B/Victoria/2/1987|1987	1987	3702
B/Netherlands/1000/1971|1971	B/Netherlands/1000/1971|1971	1971	B/Malaysia/2506/2004|2004	B/Malaysia/2506/2004|2004	2004	<100
B/Netherlands/1000/1971|1971	B/Netherlands/1000/1971|1971	1971	B/Brisbane/60/2008|2008-04-08	B/Brisbane/60/2008|2008-04-08	2008.26775956284	<100
B/Netherlands/1000/1971|1971	B/Netherlands/1000/1971|1971	1971	B/Austria/1359417/2021|2021-01-09	B/Austria/1359417/2021|2021-01-09	2021.02191780822	<100
B/Netherlands/1000/1971|1971	B/Netherlands/1000/1971|1971	1971	B/Colorado/6/2017|2017-02-25	B/Colorado/6/2017|2017-02-25	2017.15068493151	34
B/Netherlands/1000/1971|1971	B/Netherlands/1000/1971|1971	1971	B/Yamagata/16/1988|1988	B/Yamagata/16/1988|1988	1988	<100
B/Netherlands/1000/1971|1971	B/Netherlands/1000/1971|1971	1971	B/Sichuan/379/1999|1999	B/Sichuan/379/1999|1999	1999	65
B/Netherlands/1000/1971|1971	B/Netherlands/1000/1971|1971	1971	B/Florida/4/2006|2006	B/Florida/4/2006|2006	2006	<100
B/Netherlands/1000/1971|1971	B/Netherlands/1000/1971|1971	1971	B/Phuket/3073/2013|2013-11-21	B/Phuket/3073/2013|2013-11-21	2013.88767123288	<100
B/Hong_Kong/5/1972|1972	B/Hong_Kong/5/1972|1972	1972	B/Lee/1940|1940	B/Lee/1940|1940	1940	483
B/Hong_Kong/5/1972|1972	B/Hong_Kong/5/1972|1972	1972	B/Allen/1945|1945	B/Allen/1945|1945	1945	<100
B/Hong_Kong/5/1972|1972	B/Hong_Kong/5/1972|1972	1972	B/GL/1739/1954|1954	B/GL/1739/1954|1954	1954	88
B/Hong_Kong/5/1972|1972	B/Hong_Kong/5/1972|1972	1972	B/Mass/3/1966|1966	B/Mass/3/1966|1966	1966	205
B/Hong_Kong/5/1972|1972	B/Hong_Kong/5/1972|1972	1972	B/Hong_Kong/5/1972|1972	B/Hong_Kong/5/1972|1972	1972	1637
B/Hong_Kong/5/1972|1972	B/Hong_Kong/5/1972|1972	1972	B/Victoria/2/1987|1987	B/Victoria/2/1987|1987	1987	683
B/Hong_Kong/5/1972|1972	B/Hong_Kong/5/1972|1972	1972	B/Malaysia/2506/2004|2004	B/Malaysia/2506/2004|2004	2004	<100
B/Hong_Kong/5/1972|1972	B/Hong_Kong/5/1972|1972	1972	B/Brisbane/60/2008|2008-04-08	B/Brisbane/60/2008|2008-04-08	2008.26775956284	<100
B/Hong_Kong/5/1972|1972	B/Hong_Kong/5/1972|1972	1972	B/Austria/1359417/2021|2021-01-09	B/Austria/1359417/2021|2021-01-09	2021.02191780822	<100
B/Hong_Kong/5/1972|1972	B/Hong_Kong/5/1972|1972	1972	B/Colorado/6/2017|2017-02-25	B/Colorado/6/2017|2017-02-25	2017.15068493151	<100
B/Hong_Kong/5/1972|1972	B/Hong_Kong/5/1972|1972	1972	B/Yamagata/16/1988|1988	B/Yamagata/16/1988|1988	1988	<100
B/Hong_Kong/5/1972|1972	B/Hong_Kong/5/1972|1972	1972	B/Sichuan/379/1999|1999	B/Sichuan/379/1999|1999	1999	<100
B/Hong_Kong/5/1972|1972	B/Hong_Kong/5/1972|1972	1972	B/Florida/4/2006|2006	B/Florida/4/2006|2006	2006	<100
B/Hong_Kong/5/1972|1972	B/Hong_Kong/5/1972|1972	1972	B/Phuket/3073/2013|2013-11-21	B/Phuket/3073/2013|2013-11-21	2013.88767123288	<100
B/VICTORIA/6/1984|1984	B/VICTORIA/6/1984|1984	1984	B/Lee/1940|1940	B/Lee/1940|1940	1940	<100
B/VICTORIA/6/1984|1984	B/VICTORIA/6/1984|1984	1984	B/Allen/1945|1945	B/Allen/1945|1945	1945	<100
B/VICTORIA/6/1984|1984	B/VICTORIA/6/1984|1984	1984	B/GL/1739/1954|1954	B/GL/1739/1954|1954	1954	436
B/VICTORIA/6/1984|1984	B/VICTORIA/6/1984|1984	1984	B/Mass/3/1966|1966	B/Mass/3/1966|1966	1966	750
B/VICTORIA/6/1984|1984	B/VICTORIA/6/1984|1984	1984	B/Hong_Kong/5/1972|1972	B/Hong_Kong/5/1972|1972	1972	741
B/VICTORIA/6/1984|1984	B/VICTORIA/6/1984|1984	1984	B/Victoria/2/1987|1987	B/Victoria/2/1987|1987	1987	1554
B/VICTORIA/6/1984|1984	B/VICTORIA/6/1984|1984	1984	B/Malaysia/2506/2004|2004	B/Malaysia/2506/2004|2004	2004	<100
B/VICTORIA/6/1984|1984	B/VICTORIA/6/1984|1984	1984	B/Brisbane/60/2008|2008-04-08	B/Brisbane/60/2008|2008-04-08	2008.26775956284	<100
B/VICTORIA/6/1984|1984	B/VICTORIA/6/1984|1984	1984	B/Austria/1359417/2021|2021-01-09	B/Austria/1359417/2021|2021-01-09	2021.02191780822	<100
B/VICTORIA/6/1984|1984	B/VICTORIA/6/1984|1984	1984	B/Colorado/6/2017|2017-02-25	B/Colorado/6/2017|2017-02-25	2017.15068493151	<100
B/VICTORIA/6/1984|1984	B/VICTORIA/6/1984|1984	1984	B/Yamagata/16/1988|1988	B/Yamagata/16/1988|1988	1988	234
B/VICTORIA/6/1984|1984	B/VICTORIA/6/1984|1984	1984	B/Sichuan/379/1999|1999	B/Sichuan/379/1999|1999	1999	<100
B/VICTORIA/6/1984|1984	B/VICTORIA/6/1984|1984	1984	B/Florida/4/2006|2006	B/Florida/4/2006|2006	2006	<100
B/VICTORIA/6/1984|1984	B/VICTORIA/6/1984|1984	1984	B/Phuket/3073/2013|2013-11-21	B/Phuket/3073/2013|2013-11-21	2013.88767123288	<100
B/Victoria/2/1987|1987	B/Victoria/2/1987|1987	1987	B/Lee/1940|1940	B/Lee/1940|1940	1940	58
B/Victoria/2/1987|1987	B/Victoria/2/1987|1987	1987	B/Allen/1945|1945	B/Allen/1945|1945	1945	<100
B/Victoria/2/1987|1987	B/Victoria/2/1987|1987	1987	B/GL/1739/1954|1954	B/GL/1739/1954|1954	1954	2140
B/Victoria/2/1987|1987	B/Victoria/2/1987|1987	1987	B/Mass/3/1966|1966	B/Mass/3/1966|1966	1966	3281
B/Victoria/2/1987|1987	B/Victoria/2/1987|1987	1987	B/Hong_Kong/5/1972|1972	B/Hong_Kong/5/1972|1972	1972	3045
B/Victoria/2/1987|1987	B/Victoria/2/1987|1987	1987	B/Victoria/2/1987|1987	B/Victoria/2/1987|1987	1987	9208
B/Victoria/2/1987|1987	B/Victoria/2/1987|1987	1987	B/Malaysia/2506/2004|2004	B/Malaysia/2506/2004|2004	2004	288
B/Victoria/2/1987|1987	B/Victoria/2/1987|1987	1987	B/Brisbane/60/2008|2008-04-08	B/Brisbane/60/2008|2008-04-08	2008.26775956284	<100
B/Victoria/2/1987|1987	B/Victoria/2/1987|1987	1987	B/Austria/1359417/2021|2021-01-09	B/Austria/1359417/2021|2021-01-09	2021.02191780822	<100
B/Victoria/2/1987|1987	B/Victoria/2/1987|1987	1987	B/Colorado/6/2017|2017-02-25	B/Colorado/6/2017|2017-02-25	2017.15068493151	99
B/Victoria/2/1987|1987	B/Victoria/2/1987|1987	1987	B/Yamagata/16/1988|1988	B/Yamagata/16/1988|1988	1988	<100
B/Victoria/2/1987|1987	B/Victoria/2/1987|1987	1987	B/Sichuan/379/1999|1999	B/Sichuan/379/1999|1999	1999	263
B/Victoria/2/1987|1987	B/Victoria/2/1987|1987	1987	B/Florida/4/2006|2006	B/Florida/4/2006|2006	2006	<100
B/Victoria/2/1987|1987	B/Victoria/2/1987|1987	1987	B/Phuket/3073/2013|2013-11-21	B/Phuket/3073/2013|2013-11-21	2013.88767123288	<100
B/Shangdong/7/1997|1997	B/Shangdong/7/1997|1997	1997	B/Lee/1940|1940	B/Lee/1940|1940	1940	<100
B/Shangdong/7/1997|1997	B/Shangdong/7/1997|1997	1997	B/Allen/1945|1945	B/Allen/1945|1945	1945	<100
B/Shangdong/7/1997|1997	B/Shangdong/7/1997|1997	1997	B/GL/1739/1954|1954	B/GL/1739/1954|1954	1954	<100
B/Shangdong/7/1997|1997	B/Shangdong/7/1997|1997	1997	B/Mass/3/1966|1966	B/Mass/3/1966|1966	1966	2120
B/Shangdong/7/1997|1997	B/Shangdong/7/1997|1997	1997	B/Hong_Kong/5/1972|1972	B/Hong_Kong/5/1972|1972	1972	1328
B/Shangdong/7/1997|1997	B/Shangdong/7/1997|1997	1997	B/Victoria/2/1987|1987	B/Victoria/2/1987|1987	1987	7080
B/Shangdong/7/1997|1997	B/Shangdong/7/1997|1997	1997	B/Malaysia/2506/2004|2004	B/Malaysia/2506/2004|2004	2004	<100
B/Shangdong/7/1997|1997	B/Shangdong/7/1997|1997	1997	B/Brisbane/60/2008|2008-04-08	B/Brisbane/60/2008|2008-04-08	2008.26775956284	<100
B/Shangdong/7/1997|1997	B/Shangdong/7/1997|1997	1997	B/Austria/1359417/2021|2021-01-09	B/Austria/1359417/2021|2021-01-09	2021.02191780822	<100
B/Shangdong/7/1997|1997	B/Shangdong/7/1997|1997	1997	B/Colorado/6/2017|2017-02-25	B/Colorado/6/2017|2017-02-25	2017.15068493151	<100
B/Shangdong/7/1997|1997	B/Shangdong/7/1997|1997	1997	B/Yamagata/16/1988|1988	B/Yamagata/16/1988|1988	1988	<100
B/Shangdong/7/1997|1997	B/Shangdong/7/1997|1997	1997	B/Sichuan/379/1999|1999	B/Sichuan/379/1999|1999	1999	650
B/Shangdong/7/1997|1997	B/Shangdong/7/1997|1997	1997	B/Florida/4/2006|2006	B/Florida/4/2006|2006	2006	<100
B/Shangdong/7/1997|1997	B/Shangdong/7/1997|1997	1997	B/Phuket/3073/2013|2013-11-21	B/Phuket/3073/2013|2013-11-21	2013.88767123288	<100
B/HONGKONG/330/2001|2001	B/HONGKONG/330/2001|2001	2001	B/Lee/1940|1940	B/Lee/1940|1940	1940	<100
B/HONGKONG/330/2001|2001	B/HONGKONG/330/2001|2001	2001	B/Allen/1945|1945	B/Allen/1945|1945	1945	<100
B/HONGKONG/330/2001|2001	B/HONGKONG/330/2001|2001	2001	B/GL/1739/1954|1954	B/GL/1739/1954|1954	1954	<100
B/HONGKONG/330/2001|2001	B/HONGKONG/330/2001|2001	2001	B/Mass/3/1966|1966	B/Mass/3/1966|1966	1966	1118
B/HONGKONG/330/2001|2001	B/HONGKONG/330/2001|2001	2001	B/Hong_Kong/5/1972|1972	B/Hong_Kong/5/1972|1972	1972	275
B/HONGKONG/330/2001|2001	B/HONGKONG/330/2001|2001	2001	B/Victoria/2/1987|1987	B/Victoria/2/1987|1987	1987	2363
B/HONGKONG/330/2001|2001	B/HONGKONG/330/2001|2001	2001	B/Malaysia/2506/2004|2004	B/Malaysia/2506/2004|2004	2004	81
B/HONGKONG/330/2001|2001	B/HONGKONG/330/2001|2001	2001	B/Brisbane/60/2008|2008-04-08	B/Brisbane/60/2008|2008-04-08	2008.26775956284	<100
B/HONGKONG/330/2001|2001	B/HONGKONG/330/2001|2001	2001	B/Austria/1359417/2021|2021-01-09	B/Austria/1359417/2021|2021-01-09	2021.02191780822	<100
B/HONGKONG/330/2001|2001	B/HONGKONG/330/2001|2001	2001	B/Colorado/6/2017|2017-02-25	B/Colorado/6/2017|2017-02-25	2017.15068493151	<100
B/HONGKONG/330/2001|2001	B/HONGKONG/330/2001|2001	2001	B/Yamagata/16/1988|1988	B/Yamagata/16/1988|1988	1988	<100
B/HONGKONG/330/2001|2001	B/HONGKONG/330/2001|2001	2001	B/Sichuan/379/1999|1999	B/Sichuan/379/1999|1999	1999	428
B/HONGKONG/330/2001|2001	B/HONGKONG/330/2001|2001	2001	B/Florida/4/2006|2006	B/Florida/4/2006|2006	2006	<100
B/HONGKONG/330/2001|2001	B/HONGKONG/330/2001|2001	2001	B/Phuket/3073/2013|2013-11-21	B/Phuket/3073/2013|2013-11-21	2013.88767123288	<100
B/Malaysia/2506/2004|2004	B/Malaysia/2506/2004|2004	2004	B/Lee/1940|1940	B/Lee/1940|1940	1940	<100
B/Malaysia/2506/2004|2004	B/Malaysia/2506/2004|2004	2004	B/Allen/1945|1945	B/Allen/1945|1945	1945	<100
B/Malaysia/2506/2004|2004	B/Malaysia/2506/2004|2004	2004	B/GL/1739/1954|1954	B/GL/1739/1954|1954	1954	<100
B/Malaysia/2506/2004|2004	B/Malaysia/2506/2004|2004	2004	B/Mass/3/1966|1966	B/Mass/3/1966|1966	1966	413
B/Malaysia/2506/2004|2004	B/Malaysia/2506/2004|2004	2004	B/Hong_Kong/5/1972|1972	B/Hong_Kong/5/1972|1972	1972	2170
B/Malaysia/2506/2004|2004	B/Malaysia/2506/2004|2004	2004	B/Victoria/2/1987|1987	B/Victoria/2/1987|1987	1987	3957
B/Malaysia/2506/2004|2004	B/Malaysia/2506/2004|2004	2004	B/Malaysia/2506/2004|2004	B/Malaysia/2506/2004|2004	2004	8449
B/Malaysia/2506/2004|2004	B/Malaysia/2506/2004|2004	2004	B/Brisbane/60/2008|2008-04-08	B/Brisbane/60/2008|2008-04-08	2008.26775956284	764
B/Malaysia/2506/2004|2004	B/Malaysia/2506/2004|2004	2004	B/Austria/1359417/2021|2021-01-09	B/Austria/1359417/2021|2021-01-09	2021.02191780822	300
B/Malaysia/2506/2004|2004	B/Malaysia/2506/2004|2004	2004	B/Colorado/6/2017|2017-02-25	B/Colorado/6/2017|2017-02-25	2017.15068493151	1753
B/Malaysia/2506/2004|2004	B/Malaysia/2506/2004|2004	2004	B/Yamagata/16/1988|1988	B/Yamagata/16/1988|1988	1988	<100
B/Malaysia/2506/2004|2004	B/Malaysia/2506/2004|2004	2004	B/Sichuan/379/1999|1999	B/Sichuan/379/1999|1999	1999	3246
B/Malaysia/2506/2004|2004	B/Malaysia/2506/2004|2004	2004	B/Florida/4/2006|2006	B/Florida/4/2006|2006	2006	184
B/Malaysia/2506/2004|2004	B/Malaysia/2506/2004|2004	2004	B/Phuket/3073/2013|2013-11-21	B/Phuket/3073/2013|2013-11-21	2013.88767123288	63
B/Sydney/508/2010|2010-10-11	B/Sydney/508/2010|2010-10-11	2010.77534246575	B/Lee/1940|1940	B/Lee/1940|1940	1940	<100
B/Sydney/508/2010|2010-10-11	B/Sydney/508/2010|2010-10-11	2010.77534246575	B/Allen/1945|1945	B/Allen/1945|1945	1945	<100
B/Sydney/508/2010|2010-10-11	B/Sydney/508/2010|2010-10-11	2010.77534246575	B/GL/1739/1954|1954	B/GL/1739/1954|1954	1954	<100
B/Sydney/508/2010|2010-10-11	B/Sydney/508/2010|2010-10-11	2010.77534246575	B/Mass/3/1966|1966	B/Mass/3/1966|1966	1966	<100
B/Sydney/508/2010|2010-10-11	B/Sydney/508/2010|2010-10-11	2010.77534246575	B/Hong_Kong/5/1972|1972	B/Hong_Kong/5/1972|1972	1972	1611
B/Sydney/508/2010|2010-10-11	B/Sydney/508/2010|2010-10-11	2010.77534246575	B/Victoria/2/1987|1987	B/Victoria/2/1987|1987	1987	3091
B/Sydney/508/2010|2010-10-11	B/Sydney/508/2010|2010-10-11	2010.77534246575	B/Malaysia/2506/2004|2004	B/Malaysia/2506/2004|2004	2004	1842
B/Sydney/508/2010|2010-10-11	B/Sydney/508/2010|2010-10-11	2010.77534246575	B/Brisbane/60/2008|2008-04-08	B/Brisbane/60/2008|2008-04-08	2008.26775956284	3302
B/Sydney/508/2010|2010-10-11	B/Sydney/508/2010|2010-10-11	2010.77534246575	B/Austria/1359417/2021|2021-01-09	B/Austria/1359417/2021|2021-01-09	2021.02191780822	327
B/Sydney/508/2010|2010-10-11	B/Sydney/508/2010|2010-10-11	2010.77534246575	B/Colorado/6/2017|2017-02-25	B/Colorado/6/2017|2017-02-25	2017.15068493151	843
B/Sydney/508/2010|2010-10-11	B/Sydney/508/2010|2010-10-11	2010.77534246575	B/Yamagata/16/1988|1988	B/Yamagata/16/1988|1988	1988	<100
B/Sydney/508/2010|2010-10-11	B/Sydney/508/2010|2010-10-11	2010.77534246575	B/Sichuan/379/1999|1999	B/Sichuan/379/1999|1999	1999	787
B/Sydney/508/2010|2010-10-11	B/Sydney/508/2010|2010-10-11	2010.77534246575	B/Florida/4/2006|2006	B/Florida/4/2006|2006	2006	<100
B/Sydney/508/2010|2010-10-11	B/Sydney/508/2010|2010-10-11	2010.77534246575	B/Phuket/3073/2013|2013-11-21	B/Phuket/3073/2013|2013-11-21	2013.88767123288	<100
B/Colorado/6/2017|2017-02-25	B/Colorado/6/2017|2017-02-25	2017.15068493151	B/Lee/1940|1940	B/Lee/1940|1940	1940	<100
B/Colorado/6/2017|2017-02-25	B/Colorado/6/2017|2017-02-25	2017.15068493151	B/Allen/1945|1945	B/Allen/1945|1945	1945	<100
B/Colorado/6/2017|2017-02-25	B/Colorado/6/2017|2017-02-25	2017.15068493151	B/GL/1739/1954|1954	B/GL/1739/1954|1954	1954	<100
B/Colorado/6/2017|2017-02-25	B/Colorado/6/2017|2017-02-25	2017.15068493151	B/Mass/3/1966|1966	B/Mass/3/1966|1966	1966	<100
B/Colorado/6/2017|2017-02-25	B/Colorado/6/2017|2017-02-25	2017.15068493151	B/Hong_Kong/5/1972|1972	B/Hong_Kong/5/1972|1972	1972	<100
B/Colorado/6/2017|2017-02-25	B/Colorado/6/2017|2017-02-25	2017.15068493151	B/Victoria/2/1987|1987	B/Victoria/2/1987|1987	1987	2041
B/Colorado/6/2017|2017-02-25	B/Colorado/6/2017|2017-02-25	2017.15068493151	B/Malaysia/2506/2004|2004	B/Malaysia/2506/2004|2004	2004	<100
B/Colorado/6/2017|2017-02-25	B/Colorado/6/2017|2017-02-25	2017.15068493151	B/Brisbane/60/2008|2008-04-08	B/Brisbane/60/2008|2008-04-08	2008.26775956284	1854
B/Colorado/6/2017|2017-02-25	B/Colorado/6/2017|2017-02-25	2017.15068493151	B/Austria/1359417/2021|2021-01-09	B/Austria/1359417/2021|2021-01-09	2021.02191780822	1564
B/Colorado/6/2017|2017-02-25	B/Colorado/6/2017|2017-02-25	2017.15068493151	B/Colorado/6/2017|2017-02-25	B/Colorado/6/2017|2017-02-25	2017.15068493151	3132
B/Colorado/6/2017|2017-02-25	B/Colorado/6/2017|2017-02-25	2017.15068493151	B/Yamagata/16/1988|1988	B/Yamagata/16/1988|1988	1988	330
B/Colorado/6/2017|2017-02-25	B/Colorado/6/2017|2017-02-25	2017.15068493151	B/Sichuan/379/1999|1999	B/Sichuan/379/1999|1999	1999	507
B/Colorado/6/2017|2017-02-25	B/Colorado/6/2017|2017-02-25	2017.15068493151	B/Florida/4/2006|2006	B/Florida/4/2006|2006	2006	<100
B/Colorado/6/2017|2017-02-25	B/Colorado/6/2017|2017-02-25	2017.15068493151	B/Phuket/3073/2013|2013-11-21	B/Phuket/3073/2013|2013-11-21	2013.88767123288	<100
B/Yamagata/16/1988|1988	B/Yamagata/16/1988|1988	1988	B/Lee/1940|1940	B/Lee/1940|1940	1940	63
B/Yamagata/16/1988|1988	B/Yamagata/16/1988|1988	1988	B/Allen/1945|1945	B/Allen/1945|1945	1945	<100
B/Yamagata/16/1988|1988	B/Yamagata/16/1988|1988	1988	B/GL/1739/1954|1954	B/GL/1739/1954|1954	1954	2782
B/Yamagata/16/1988|1988	B/Yamagata/16/1988|1988	1988	B/Mass/3/1966|1966	B/Mass/3/1966|1966	1966	5710
B/Yamagata/16/1988|1988	B/Yamagata/16/1988|1988	1988	B/Hong_Kong/5/1972|1972	B/Hong_Kong/5/1972|1972	1972	5123
B/Yamagata/16/1988|1988	B/Yamagata/16/1988|1988	1988	B/Victoria/2/1987|1987	B/Victoria/2/1987|1987	1987	12238
B/Yamagata/16/1988|1988	B/Yamagata/16/1988|1988	1988	B/Malaysia/2506/2004|2004	B/Malaysia/2506/2004|2004	2004	1511
B/Yamagata/16/1988|1988	B/Yamagata/16/1988|1988	1988	B/Brisbane/60/2008|2008-04-08	B/Brisbane/60/2008|2008-04-08	2008.26775956284	75
B/Yamagata/16/1988|1988	B/Yamagata/16/1988|1988	1988	B/Austria/1359417/2021|2021-01-09	B/Austria/1359417/2021|2021-01-09	2021.02191780822	<100
B/Yamagata/16/1988|1988	B/Yamagata/16/1988|1988	1988	B/Colorado/6/2017|2017-02-25	B/Colorado/6/2017|2017-02-25	2017.15068493151	141
B/Yamagata/16/1988|1988	B/Yamagata/16/1988|1988	1988	B/Yamagata/16/1988|1988	B/Yamagata/16/1988|1988	1988	<100
B/Yamagata/16/1988|1988	B/Yamagata/16/1988|1988	1988	B/Sichuan/379/1999|1999	B/Sichuan/379/1999|1999	1999	398
B/Yamagata/16/1988|1988	B/Yamagata/16/1988|1988	1988	B/Florida/4/2006|2006	B/Florida/4/2006|2006	2006	<100
B/Yamagata/16/1988|1988	B/Yamagata/16/1988|1988	1988	B/Phuket/3073/2013|2013-11-21	B/Phuket/3073/2013|2013-11-21	2013.88767123288	<100
B/PANAMA/45/1990|1990	B/PANAMA/45/1990|1990	1990	B/Lee/1940|1940	B/Lee/1940|1940	1940	<100
B/PANAMA/45/1990|1990	B/PANAMA/45/1990|1990	1990	B/Allen/1945|1945	B/Allen/1945|1945	1945	<100
B/PANAMA/45/1990|1990	B/PANAMA/45/1990|1990	1990	B/GL/1739/1954|1954	B/GL/1739/1954|1954	1954	<100
B/PANAMA/45/1990|1990	B/PANAMA/45/1990|1990	1990	B/Mass/3/1966|1966	B/Mass/3/1966|1966	1966	319
B/PANAMA/45/1990|1990	B/PANAMA/45/1990|1990	1990	B/Hong_Kong/5/1972|1972	B/Hong_Kong/5/1972|1972	1972	<100
B/PANAMA/45/1990|1990	B/PANAMA/45/1990|1990	1990	B/Victoria/2/1987|1987	B/Victoria/2/1987|1987	1987	1177
B/PANAMA/45/1990|1990	B/PANAMA/45/1990|1990	1990	B/Malaysia/2506/2004|2004	B/Malaysia/2506/2004|2004	2004	<100
B/PANAMA/45/1990|1990	B/PANAMA/45/1990|1990	1990	B/Brisbane/60/2008|2008-04-08	B/Brisbane/60/2008|2008-04-08	2008.26775956284	<100
B/PANAMA/45/1990|1990	B/PANAMA/45/1990|1990	1990	B/Austria/1359417/2021|2021-01-09	B/Austria/1359417/2021|2021-01-09	2021.02191780822	<100
B/PANAMA/45/1990|1990	B/PANAMA/45/1990|1990	1990	B/Colorado/6/2017|2017-02-25	B/Colorado/6/2017|2017-02-25	2017.15068493151	<100
B/PANAMA/45/1990|1990	B/PANAMA/45/1990|1990	1990	B/Yamagata/16/1988|1988	B/Yamagata/16/1988|1988	1988	<100
B/PANAMA/45/1990|1990	B/PANAMA/45/1990|1990	1990	B/Sichuan/379/1999|1999	B/Sichuan/379/1999|1999	1999	<100
B/PANAMA/45/1990|1990	B/PANAMA/45/1990|1990	1990	B/Florida/4/2006|2006	B/Florida/4/2006|2006	2006	<100
B/PANAMA/45/1990|1990	B/PANAMA/45/1990|1990	1990	B/Phuket/3073/2013|2013-11-21	B/Phuket/3073/2013|2013-11-21	2013.88767123288	<100
B/HARBIN/7/1994|1994	B/HARBIN/7/1994|1994	1994	B/Lee/1940|1940	B/Lee/1940|1940	1940	110
B/HARBIN/7/1994|1994	B/HARBIN/7/1994|1994	1994	B/Allen/1945|1945	B/Allen/1945|1945	1945	<100
B/HARBIN/7/1994|1994	B/HARBIN/7/1994|1994	1994	B/GL/1739/1954|1954	B/GL/1739/1954|1954	1954	<100
B/HARBIN/7/1994|1994	B/HARBIN/7/1994|1994	1994	B/Mass/3/1966|1966	B/Mass/3/1966|1966	1966	660
B/HARBIN/7/1994|1994	B/HARBIN/7/1994|1994	1994	B/Hong_Kong/5/1972|1972	B/Hong_Kong/5/1972|1972	1972	1474
B/HARBIN/7/1994|1994	B/HARBIN/7/1994|1994	1994	B/Victoria/2/1987|1987	B/Victoria/2/1987|1987	1987	3337
B/HARBIN/7/1994|1994	B/HARBIN/7/1994|1994	1994	B/Malaysia/2506/2004|2004	B/Malaysia/2506/2004|2004	2004	1383
B/HARBIN/7/1994|1994	B/HARBIN/7/1994|1994	1994	B/Brisbane/60/2008|2008-04-08	B/Brisbane/60/2008|2008-04-08	2008.26775956284	<100
B/HARBIN/7/1994|1994	B/HARBIN/7/1994|1994	1994	B/Austria/1359417/2021|2021-01-09	B/Austria/1359417/2021|2021-01-09	2021.02191780822	<100
B/HARBIN/7/1994|1994	B/HARBIN/7/1994|1994	1994	B/Colorado/6/2017|2017-02-25	B/Colorado/6/2017|2017-02-25	2017.15068493151	167
B/HARBIN/7/1994|1994	B/HARBIN/7/1994|1994	1994	B/Yamagata/16/1988|1988	B/Yamagata/16/1988|1988	1988	<100
B/HARBIN/7/1994|1994	B/HARBIN/7/1994|1994	1994	B/Sichuan/379/1999|1999	B/Sichuan/379/1999|1999	1999	1246
B/HARBIN/7/1994|1994	B/HARBIN/7/1994|1994	1994	B/Florida/4/2006|2006	B/Florida/4/2006|2006	2006	202
B/HARBIN/7/1994|1994	B/HARBIN/7/1994|1994	1994	B/Phuket/3073/2013|2013-11-21	B/Phuket/3073/2013|2013-11-21	2013.88767123288	132
B/Sichuan/379/1999|1999	B/Sichuan/379/1999|1999	1999	B/Lee/1940|1940	B/Lee/1940|1940	1940	<100
B/Sichuan/379/1999|1999	B/Sichuan/379/1999|1999	1999	B/Allen/1945|1945	B/Allen/1945|1945	1945	<100
B/Sichuan/379/1999|1999	B/Sichuan/379/1999|1999	1999	B/GL/1739/1954|1954	B/GL/1739/1954|1954	1954	<100
B/Sichuan/379/1999|1999	B/Sichuan/379/1999|1999	1999	B/Mass/3/1966|1966	B/Mass/3/1966|1966	1966	153
B/Sichuan/379/1999|1999	B/Sichuan/379/1999|1999	1999	B/Hong_Kong/5/1972|1972	B/Hong_Kong/5/1972|1972	1972	188
B/Sichuan/379/1999|1999	B/Sichuan/379/1999|1999	1999	B/Victoria/2/1987|1987	B/Victoria/2/1987|1987	1987	791
B/Sichuan/379/1999|1999	B/Sichuan/379/1999|1999	1999	B/Malaysia/2506/2004|2004	B/Malaysia/2506/2004|2004	2004	1626
B/Sichuan/379/1999|1999	B/Sichuan/379/1999|1999	1999	B/Brisbane/60/2008|2008-04-08	B/Brisbane/60/2008|2008-04-08	2008.26775956284	125
B/Sichuan/379/1999|1999	B/Sichuan/379/1999|1999	1999	B/Austria/1359417/2021|2021-01-09	B/Austria/1359417/2021|2021-01-09	2021.02191780822	41
B/Sichuan/379/1999|1999	B/Sichuan/379/1999|1999	1999	B/Colorado/6/2017|2017-02-25	B/Colorado/6/2017|2017-02-25	2017.15068493151	194
B/Sichuan/379/1999|1999	B/Sichuan/379/1999|1999	1999	B/Yamagata/16/1988|1988	B/Yamagata/16/1988|1988	1988	<100
B/Sichuan/379/1999|1999	B/Sichuan/379/1999|1999	1999	B/Sichuan/379/1999|1999	B/Sichuan/379/1999|1999	1999	2083
B/Sichuan/379/1999|1999	B/Sichuan/379/1999|1999	1999	B/Florida/4/2006|2006	B/Florida/4/2006|2006	2006	81
B/Sichuan/379/1999|1999	B/Sichuan/379/1999|1999	1999	B/Phuket/3073/2013|2013-11-21	B/Phuket/3073/2013|2013-11-21	2013.88767123288	<100
B/Florida/4/2006|2006	B/Florida/4/2006|2006	2006	B/Lee/1940|1940	B/Lee/1940|1940	1940	<100
B/Florida/4/2006|2006	B/Florida/4/2006|2006	2006	B/Allen/1945|1945	B/Allen/1945|1945	1945	<100
B/Florida/4/2006|2006	B/Florida/4/2006|2006	2006	B/GL/1739/1954|1954	B/GL/1739/1954|1954	1954	<100
B/Florida/4/2006|2006	B/Florida/4/2006|2006	2006	B/Mass/3/1966|1966	B/Mass/3/1966|1966	1966	<100
B/Florida/4/2006|2006	B/Florida/4/2006|2006	2006	B/Hong_Kong/5/1972|1972	B/Hong_Kong/5/1972|1972	1972	1543
B/Florida/4/2006|2006	B/Florida/4/2006|2006	2006	B/Victoria/2/1987|1987	B/Victoria/2/1987|1987	1987	1634
B/Florida/4/2006|2006	B/Florida/4/2006|2006	2006	B/Malaysia/2506/2004|2004	B/Malaysia/2506/2004|2004	2004	617
B/Florida/4/2006|2006	B/Florida/4/2006|2006	2006	B/Brisbane/60/2008|2008-04-08	B/Brisbane/60/2008|2008-04-08	2008.26775956284	370
B/Florida/4/2006|2006	B/Florida/4/2006|2006	2006	B/Austria/1359417/2021|2021-01-09	B/Austria/1359417/2021|2021-01-09	2021.02191780822	<100
B/Florida/4/2006|2006	B/Florida/4/2006|2006	2006	B/Colorado/6/2017|2017-02-25	B/Colorado/6/2017|2017-02-25	2017.15068493151	445
B/Florida/4/2006|2006	B/Florida/4/2006|2006	2006	B/Yamagata/16/1988|1988	B/Yamagata/16/1988|1988	1988	<100
B/Florida/4/2006|2006	B/Florida/4/2006|2006	2006	B/Sichuan/379/1999|1999	B/Sichuan/379/1999|1999	1999	922
B/Florida/4/2006|2006	B/Florida/4/2006|2006	2006	B/Florida/4/2006|2006	B/Florida/4/2006|2006	2006	637
B/Florida/4/2006|2006	B/Florida/4/2006|2006	2006	B/Phuket/3073/2013|2013-11-21	B/Phuket/3073/2013|2013-11-21	2013.88767123288	731
B/Phuket/3073/2013|2013-11-21	B/Phuket/3073/2013|2013-11-21	2013.88767123288	B/Lee/1940|1940	B/Lee/1940|1940	1940	1229
B/Phuket/3073/2013|2013-11-21	B/Phuket/3073/2013|2013-11-21	2013.88767123288	B/Allen/1945|1945	B/Allen/1945|1945	1945	982
B/Phuket/3073/2013|2013-11-21	B/Phuket/3073/2013|2013-11-21	2013.88767123288	B/GL/1739/1954|1954	B/GL/1739/1954|1954	1954	1254
B/Phuket/3073/2013|2013-11-21	B/Phuket/3073/2013|2013-11-21	2013.88767123288	B/Mass/3/1966|1966	B/Mass/3/1966|1966	1966	1393
B/Phuket/3073/2013|2013-11-21	B/Phuket/3073/2013|2013-11-21	2013.88767123288	B/Hong_Kong/5/1972|1972	B/Hong_Kong/5/1972|1972	1972	12203
B/Phuket/3073/2013|2013-11-21	B/Phuket/3073/2013|2013-11-21	2013.88767123288	B/Victoria/2/1987|1987	B/Victoria/2/1987|1987	1987	2916
B/Phuket/3073/2013|2013-11-21	B/Phuket/3073/2013|2013-11-21	2013.88767123288	B/Malaysia/2506/2004|2004	B/Malaysia/2506/2004|2004	2004	2088
B/Phuket/3073/2013|2013-11-21	B/Phuket/3073/2013|2013-11-21	2013.88767123288	B/Brisbane/60/2008|2008-04-08	B/Brisbane/60/2008|2008-04-08	2008.26775956284	902
B/Phuket/3073/2013|2013-11-21	B/Phuket/3073/2013|2013-11-21	2013.88767123288	B/Austria/1359417/2021|2021-01-09	B/Austria/1359417/2021|2021-01-09	2021.02191780822	974
B/Phuket/3073/2013|2013-11-21	B/Phuket/3073/2013|2013-11-21	2013.88767123288	B/Colorado/6/2017|2017-02-25	B/Colorado/6/2017|2017-02-25	2017.15068493151	1977
B/Phuket/3073/2013|2013-11-21	B/Phuket/3073/2013|2013-11-21	2013.88767123288	B/Yamagata/16/1988|1988	B/Yamagata/16/1988|1988	1988	<100
B/Phuket/3073/2013|2013-11-21	B/Phuket/3073/2013|2013-11-21	2013.88767123288	B/Sichuan/379/1999|1999	B/Sichuan/379/1999|1999	1999	1810
B/Phuket/3073/2013|2013-11-21	B/Phuket/3073/2013|2013-11-21	2013.88767123288	B/Florida/4/2006|2006	B/Florida/4/2006|2006	2006	225
B/Phuket/3073/2013|2013-11-21	B/Phuket/3073/2013|2013-11-21	2013.88767123288	B/Phuket/3073/2013|2013-11-21	B/Phuket/3073/2013|2013-11-21	2013.88767123288	2575
